symbol,date,prev_close,open,gap_pct
KAUSHALYA-BE,2024-02-06,9.85,965.5,9702.030456852792
ARIHANT,2026-04-20,39.65,970.0,2346.4060529634303
LANDSMILL,2021-05-20,0.15,2.5,1566.6666666666667
LANDSMILL,2021-12-02,0.3,4.65,1450.0000000000002
LANDSMILL,2022-04-21,0.5,7.65,1430.0
HARDWYN,2022-05-06,6.35,80.33,1165.0393700787401
SHEKHAWATI-BE,2024-09-10,8.82,86.43,879.9319727891158
CCCL,2024-09-03,1.5,10.9,626.6666666666666
VIVIMEDLAB-BE,2025-12-18,4.95,28.0,465.65656565656565
GVPTECH-BE,2022-09-22,6.67,36.55,447.97601199400293
AJOONI,2021-05-20,8.4,41.95,399.4047619047619
UEL,2024-05-27,14.6,51.1,250.0
GVKPIL-BE,2022-08-12,2.5,6.0,140.0
SICAGEN,2026-04-20,24.35,55.5,127.92607802874743
ATLASCYCLE,2024-12-27,28.85,63.0,118.37088388214903
KOVAI,2026-04-20,2576.65,5499.9,113.451574719112
BCG,2025-07-14,10.25,21.8,112.6829268292683
SHRADHA,2022-09-22,10.29,21.41,108.06608357628768
GLOBAL,2022-06-21,23.9,47.6,99.16317991631801
VINNY,2023-01-12,114.58,4.74,-95.86315238261477
KESORAMIND-BE,2025-03-10,204.72,10.23,-95.0029308323564
LANDSMILL,2021-02-02,2.5,0.15,-94.0
LANDSMILL,2021-10-12,3.2,0.2,-93.75
LANDSMILL,2022-06-21,5.35,0.35,-93.45794392523365
LANDSMILL,2022-03-29,7.15,0.5,-93.00699300699301
HARDWYN,2022-06-21,80.84,6.25,-92.26867887184562
DRCSYSTEMS,2022-03-21,127.1,12.25,-90.36191974822974
SHRADHA,2021-02-02,10.15,19.3,90.14778325123153
DEVIT,2022-05-06,38.98,74.1,90.0974858902001
VCL-BE,2022-05-19,13.6,25.85,90.07352941176472
MOM30IETF,2022-08-12,186.62,18.7,-89.9796377665845
GOYALALUM,2023-03-10,292.45,29.5,-89.91280560779622
AJOONI,2021-07-20,41.7,8.25,-80.2158273381295
GVPTECH-BE,2022-12-06,90.08,18.17,-79.82904085257549
KSHITIJPOL,2022-08-25,65.12,13.5,-79.26904176904176
LANCER,2026-08-17,49.9,10.91,-78.13627254509016
MHLXMIRU-BE,2024-04-19,127.25,220.0,72.88801571709233
STLTECH-BE,2025-04-24,36.73,61.11,66.37625918867413
GLOBE,2021-02-02,8.59,2.95,-65.65774155995344
ESSENTIA,2022-02-07,2.31,0.8,-65.36796536796537
HEG-BE,2026-09-07,728.25,260.0,-64.29797459663577
DCI,2022-01-10,96.0,43.6,-54.58333333333333
NOVARTIND,2026-04-20,647.25,991.0,53.109308613364234
SONAMLTD-BE,2022-07-14,44.3,21.0,-52.595936794582386
VCL-BE,2022-06-21,15.55,7.6,-51.12540192926045
DEVIT,2022-06-21,60.02,30.0,-50.016661112962346
LANDSMILL,2021-04-30,0.1,0.15,49.999999999999986
MASKINVEST,2024-10-28,144.03,215.9,49.89932652919531
KAMDHENU-BE,2022-09-06,27.2,13.85,-49.080882352941174
SHRADHA,2021-04-27,12.86,6.56,-48.98911353032659
SHRADHA,2022-12-06,23.0,11.81,-48.65217391304348
KSOLVES,2021-09-06,305.65,160.0,-47.6525437592017
GLOBAL,2022-09-13,106.14,55.72,-47.50329753156209
SPLPETRO,2022-06-07,850.95,448.5,-47.29420059933016
BESTAGRO,2024-04-10,77.55,45.85,-40.876853642811085
WATERBASE,2026-08-17,74.9,46.5,-37.91722296395194
UEL,2025-06-02,151.55,94.7,-37.51237215440449
GOODYEAR,2026-04-20,1234.95,775.65,-37.191789141260784
BLUECHIP-BE,2021-04-09,0.15,0.2,33.33333333333335
BLUECHIP-BE,2021-03-31,0.15,0.2,33.33333333333335
LANDSMILL,2021-04-12,0.15,0.2,33.33333333333335
LANDSMILL,2021-05-14,0.15,0.2,33.33333333333335
LANDSMILL,2021-04-16,0.15,0.2,33.33333333333335
LANDSMILL,2021-04-15,0.15,0.2,33.33333333333335
LANDSMILL,2021-03-18,0.15,0.2,33.33333333333335
LANDSMILL,2021-03-01,0.15,0.2,33.33333333333335
LANDSMILL,2021-05-18,0.15,0.2,33.33333333333335
LANDSMILL,2021-02-04,0.15,0.2,33.33333333333335
LANDSMILL,2021-04-27,0.15,0.1,-33.33333333333333
BLUECHIP-BE,2021-03-30,0.15,0.1,-33.33333333333333
FORCEMOT,2024-02-14,3352.35,4400.0,31.251211836472926
VARDHACRLC-BE,2021-10-28,67.6,47.65,-29.511834319526624
LICNFNHGP,2021-11-10,181.19,230.0,26.938572768916607
BLUECHIP-BE,2021-03-26,0.2,0.15,-25.000000000000007
BLUECHIP-BE,2021-06-28,0.2,0.15,-25.000000000000007
BLUECHIP-BE,2021-03-17,0.2,0.15,-25.000000000000007
LANDSMILL,2021-11-23,0.2,0.25,24.999999999999993
BLUECHIP-BE,2021-04-12,0.2,0.25,24.999999999999993
TPHQ-BE,2021-05-26,0.2,0.25,24.999999999999993
TPHQ-BE,2021-03-05,0.2,0.25,24.999999999999993
LANDSMILL,2021-02-12,0.2,0.25,24.999999999999993
LICNFNHGP,2021-01-07,141.0,176.0,24.822695035460992
MID150BEES,2022-01-25,113.45,140.0,23.402379903040984
HNGSNGBEES,2024-04-29,267.14,205.0,-23.261211349854005
ASTERDM,2024-04-23,513.35,397.0,-22.66484854387845
CONS,2022-11-11,7.75,9.46,22.06451612903227
TVTODAY,2023-02-13,307.65,240.0,-21.989273525109695
MANUFGBEES,2026-04-01,140.72,171.58,21.93007390562821
ABSLBANETF,2022-03-25,35.34,43.0,21.675155631013006
QNIFTY,2022-04-26,177.4,215.8,21.64599774520857
MIDSELIETF,2024-05-10,15.38,18.7,21.586475942782823
ITBEES,2022-09-19,27.74,33.72,21.557317952415286
SNXT50BETA,2021-05-19,40.74,49.5,21.502209131075105
PHARMABEES,2022-06-02,12.53,15.2,21.308858739026338
RAJMET,2021-02-17,1.65,2.0,21.212121212121218
PHARMABEES,2021-07-09,14.32,17.35,21.159217877094978
HEALTHAXIS,2022-03-21,83.4,101.0,21.103117505995193
SIKKO-BE,2021-03-09,0.38,0.46,21.052631578947373
LOWVOL,2023-04-03,120.0,145.25,21.041666666666668
MIDCAPETF,2022-09-19,11.98,14.5,21.03505843071786
TATAGOLD,2025-12-23,13.07,10.33,-20.964039785768936
ABSLNN50ET,2022-02-21,41.5,50.2,20.963855421686752
SIKKO-BE,2021-03-22,0.48,0.38,-20.83333333333333
HEALTHY,2021-11-04,8.63,10.41,20.625724217844716
QNIFTY,2022-04-06,188.12,226.9,20.614501382096535
SIGMA,2021-01-20,1.7,1.35,-20.58823529411764
HEALTHIETF,2024-10-14,151.11,120.0,-20.587651379789566
MID150BEES,2022-02-09,114.54,138.0,20.48192771084337
MNC,2022-09-02,19.7,23.72,20.406091370558375
NEXT50,2021-11-22,436.14,525.0,20.374191773283812
SILVER1,2026-03-23,22.31,17.77,-20.34961900493052
ABSLNN50ET,2022-02-14,42.38,51.0,20.339782916470025
PASHUPATI,2021-03-01,6.4,5.1,-20.31250000000001
CONSUMIETF,2021-11-24,72.83,58.05,-20.293834958121657
MID150BEES,2022-02-18,111.41,134.0,20.27645633246567
ENERGY,2026-02-27,37.36,29.8,-20.235546038543895
LGHL,2021-01-27,5.2,6.25,20.192307692307686
PASHUPATI,2021-02-23,6.45,5.15,-20.15503875968992
LOWVOL1,2022-10-24,13.15,15.8,20.152091254752854
EGOLD,2025-12-31,134.3,161.3,20.104244229337304
MBAPL,2022-02-07,9.7,11.65,20.103092783505165
PASHUPATI,2024-02-20,9.7,11.65,20.103092783505165
BSLNIFTY,2025-03-04,25.49,20.37,-20.086308356218115
KOTYARK-BE,2022-08-08,37.35,44.85,20.080321285140563
ABSLBANETF,2022-03-21,36.28,29.0,-20.066152149944877
REFEX,2022-11-09,34.15,41.0,20.058565153733536
LINC,2022-11-10,75.55,90.7,20.052945069490413
REFEX,2023-05-19,71.1,85.35,20.042194092827007
KAPSTON,2025-05-20,142.05,170.5,20.028159098908827
SPCENET,2025-01-06,16.23,12.98,-20.02464571780653
SHRADHA,2021-12-09,8.69,10.43,20.023014959723824
KAMOPAINTS,2024-09-30,46.68,37.34,-20.00856898029134
AXITA,2023-05-02,33.24,26.59,-20.006016847172088
MANBA,2024-12-26,161.56,129.24,-20.004951720722946
RESPONIND,2025-04-07,194.76,155.8,-20.00410761963441
RMDRIP-BE,2026-02-26,57.14,45.71,-20.00350017500875
ABMINTLLTD-BE,2026-08-11,43.8,52.56,20.00000000000001
HONDAPOWER,2025-05-20,2256.5,2707.8,20.00000000000001
PNC,2025-09-02,32.8,39.36,20.00000000000001
STLSTRINF,2026-09-15,21.2,25.44,20.00000000000001
JSLL,2023-05-30,37.25,44.7,20.000000000000007
ZOTA,2021-06-03,162.75,195.3,20.000000000000007
LANCER,2026-08-31,11.5,13.8,20.000000000000007
FAZE3Q,2026-02-03,368.0,441.6,20.000000000000007
INDOTHAI,2026-08-04,170.75,136.6,-20.000000000000004
FMNL,2022-04-25,8.25,6.6,-20.000000000000004
SUTLEJTEX-BE,2026-02-03,28.9,34.68,20.000000000000004
MARKSANS,2021-06-11,69.75,83.7,20.000000000000004
KFINTECH,2025-04-07,1036.0,828.8,-20.000000000000004
NIRAJISPAT-BE,2026-08-31,295.9,355.08,20.000000000000004
AIROLAM,2021-01-21,30.0,36.0,20.0
AVANTIFEED,2026-02-03,800.0,960.0,20.0
AIROLAM,2021-03-19,29.75,23.8,-20.0
ARVEE,2024-04-08,211.25,253.5,20.0
GPIL,2022-05-23,77.5,62.0,-20.0
PASHUPATI,2021-06-15,7.5,6.0,-20.0
LAXMICOT,2021-03-15,10.0,8.0,-20.0
KAMOPAINTS,2024-09-27,58.35,46.68,-20.0
PAYTM,2024-02-02,609.0,487.2,-20.0
PGIL,2026-02-03,800.0,960.0,20.0
SHIVAUM,2023-05-03,250.0,300.0,20.0
SRGHFL,2026-09-11,195.0,156.0,-20.0
TEXINFRA,2021-02-08,61.25,73.5,20.0
TARACHAND,2021-05-28,7.5,6.0,-20.0
SRGHFL,2026-09-10,243.75,195.0,-20.0
SOMICONVEY,2025-06-02,187.5,150.0,-20.0
SPECTRUM-BE,2021-04-19,57.0,45.6,-20.0
SPECTRUM-BE,2022-02-03,60.0,72.0,20.0
WENDT,2025-05-15,10460.0,8368.0,-20.0
WORTHPERI,2021-10-21,86.25,103.5,20.0
