date,advancers,decliners,unchanged,advance_decline_ratio,pct_above_sma50,pct_above_sma200,new_52w_highs,new_52w_lows,names_contributing
2021-01-01,0,0,0,,,,,,0
2021-01-04,994,430,53,2.311627906976744,,,,,1477
2021-01-05,774,661,47,1.1709531013615733,,,,,1482
2021-01-06,584,859,39,0.6798603026775321,,,,,1482
2021-01-07,910,523,52,1.739961759082218,,,,,1485
2021-01-08,765,672,53,1.1383928571428572,,,,,1490
2021-01-11,546,906,44,0.6026490066225165,,,,,1496
2021-01-12,748,695,43,1.0762589928057553,,,,,1486
2021-01-13,450,1003,39,0.44865403788634095,,,,,1492
2021-01-14,668,755,62,0.8847682119205298,,,,,1485
2021-01-15,329,1110,55,0.2963963963963964,,,,,1494
2021-01-18,269,1187,35,0.22662173546756528,,,,,1491
2021-01-19,1129,320,31,3.528125,,,,,1480
2021-01-20,717,712,54,1.0070224719101124,,,,,1483
2021-01-21,394,1051,43,0.3748810656517602,,,,,1488
2021-01-22,316,1125,45,0.2808888888888889,,,,,1486
2021-01-25,337,1109,43,0.30387736699729484,,,,,1489
2021-01-27,458,976,49,0.4692622950819672,,,,,1483
2021-01-28,708,716,53,0.9888268156424581,,,,,1477
2021-01-29,629,800,51,0.78625,,,,,1480
2021-02-01,1079,371,42,2.908355795148248,,,,,1492
2021-02-02,925,501,52,1.8463073852295409,,,,,1478
2021-02-03,918,504,69,1.8214285714285714,,,,,1491
2021-02-04,937,490,55,1.9122448979591837,,,,,1482
2021-02-05,550,885,49,0.6214689265536724,,,,,1484
2021-02-08,872,577,57,1.511265164644714,,,,,1506
2021-02-09,537,899,64,0.5973303670745272,,,,,1500
2021-02-10,647,790,59,0.8189873417721519,,,,,1496
2021-02-11,851,574,67,1.4825783972125435,,,,,1492
2021-02-12,612,828,53,0.7391304347826086,,,,,1493
2021-02-15,612,848,44,0.7216981132075472,,,,,1504
2021-02-16,578,853,59,0.6776084407971864,,,,,1490
2021-02-17,715,718,53,0.9958217270194986,,,,,1486
2021-02-18,816,617,58,1.3225283630470017,,,,,1491
2021-02-19,455,985,52,0.4619289340101523,,,,,1492
2021-02-22,398,1062,36,0.3747645951035782,,,,,1496
2021-02-23,880,554,60,1.5884476534296028,,,,,1494
2021-02-24,948,471,65,2.0127388535031847,,,,,1484
2021-02-25,945,495,59,1.9090909090909092,,,,,1499
2021-02-26,392,1049,60,0.3736892278360343,,,,,1501
2021-03-01,1002,448,58,2.236607142857143,,,,,1508
2021-03-02,906,531,65,1.7062146892655368,,,,,1502
2021-03-03,932,527,47,1.7685009487666035,,,,,1506
2021-03-04,809,637,60,1.2700156985871272,,,,,1506
2021-03-05,363,1101,41,0.329700272479564,,,,,1505
2021-03-08,779,684,57,1.1388888888888888,,,,,1520
2021-03-09,500,960,49,0.5208333333333334,,,,,1509
2021-03-10,781,661,65,1.1815431164901664,,,,,1507
2021-03-12,553,905,55,0.611049723756906,,,,,1513
2021-03-15,493,992,40,0.4969758064516129,61.146051712089445,,,,1525
2021-03-16,680,763,69,0.891218872870249,61.97771587743732,,,,1512
2021-03-17,228,1252,29,0.18210862619808307,53.15752949340735,,,,1509
2021-03-18,273,1195,44,0.22845188284518828,44.25207756232687,,,,1512
2021-03-19,766,687,49,1.1149927219796216,45.57399723374827,,,,1502
2021-03-22,823,634,61,1.2981072555205047,47.06694271911663,,,,1518
2021-03-23,862,589,58,1.4634974533106961,50.379572118702555,,,,1509
2021-03-24,287,1181,44,0.24301439458086369,43.07374224672639,,,,1512
2021-03-25,217,1265,31,0.1715415019762846,36.212854181064266,,,,1513
2021-03-26,900,545,69,1.651376146788991,38.71635610766045,,,,1514
2021-03-30,793,671,68,1.1818181818181819,41.63237311385459,,,,1532
2021-03-31,704,755,59,0.9324503311258279,41.54057771664374,,,,1518
2021-04-01,1241,237,36,5.236286919831223,50.20632737276479,,,,1514
2021-04-05,396,1091,48,0.3629697525206233,44.10150891632373,,,,1535
2021-04-06,857,605,56,1.4165289256198348,47.25274725274725,,,,1518
2021-04-07,984,460,72,2.139130434782609,50.78821110349554,,,,1516
2021-04-08,952,518,54,1.837837837837838,56.8882796435915,,,,1524
2021-04-09,790,667,60,1.184407796101949,59.13757700205339,,,,1517
2021-04-12,83,1415,25,0.058657243816254416,36.3013698630137,,,,1523
2021-04-13,1146,333,35,3.4414414414414414,42.64202600958248,,,,1514
2021-04-15,530,928,61,0.5711206896551724,40.64207650273224,,,,1519
2021-04-16,859,591,68,1.4534686971235196,43.19890635680109,,,,1518
2021-04-19,215,1276,39,0.16849529780564262,33.969986357435204,,,,1530
2021-04-20,854,584,79,1.4623287671232876,35.76294277929155,,,,1517
2021-04-22,867,591,61,1.467005076142132,38.51902173913043,,,,1519
2021-04-23,803,657,58,1.2222222222222223,38.72282608695652,,,,1518
2021-04-26,965,500,69,1.93,42.79891304347826,,,,1534
2021-04-27,1027,422,70,2.433649289099526,47.79661016949153,,,,1519
2021-04-28,936,534,50,1.752808988764045,52.54237288135594,,,,1520
2021-04-29,607,856,58,0.7091121495327103,52.035278154681144,,,,1521
2021-04-30,603,844,67,0.7144549763033176,51.08548168249661,,,,1514
2021-05-03,904,568,57,1.591549295774648,55.1490514905149,,,,1529
2021-05-04,571,886,58,0.6444695259593679,54.33604336043361,,,,1515
2021-05-05,913,530,71,1.7226415094339622,56.83208701563562,,,,1514
2021-05-06,777,678,61,1.1460176991150441,58.77966101694915,,,,1516
2021-05-07,798,665,57,1.2,61.31436314363143,,,,1520
2021-05-10,996,495,50,2.012121212121212,65.74697173620457,,,,1541
2021-05-11,901,573,48,1.5724258289703317,68.98648648648648,,,,1522
2021-05-12,623,861,42,0.7235772357723578,69.04922454484154,,,,1526
2021-05-14,505,989,34,0.5106167846309403,67.80913978494624,,,,1528
2021-05-17,1029,452,59,2.2765486725663715,72.61744966442953,,,,1540
2021-05-18,902,568,53,1.5880281690140845,76.7003367003367,,,,1523
2021-05-19,839,639,45,1.3129890453834117,78.4656796769852,,,,1523
2021-05-20,702,770,51,0.9116883116883117,80.56489576328177,,,,1523
2021-05-21,917,558,48,1.6433691756272402,82.80725319006045,,,,1523
2021-05-24,898,597,52,1.5041876046901173,84.83633934535739,,,,1547
2021-05-25,752,740,36,1.0162162162162163,86.63532572196104,,,,1528
2021-05-26,909,580,42,1.5672413793103448,88.00268096514745,,,,1531
2021-05-27,749,731,47,1.024623803009576,88.62115127175369,,,,1527
2021-05-28,522,975,37,0.5353846153846153,88.16053511705687,,,,1534
2021-05-31,786,718,48,1.0947075208913648,89.3404397068621,,,,1552
2021-06-01,486,1015,32,0.47881773399014776,86.9390488948426,,,,1533
2021-06-02,1075,409,43,2.628361858190709,88.73994638069705,,,,1527
2021-06-03,1015,481,43,2.1101871101871104,90.86666666666666,,,,1539
2021-06-04,826,666,43,1.2402402402402402,91.4609739826551,,,,1535
2021-06-07,1059,452,44,2.3429203539823007,93.421926910299,,,,1555
2021-06-08,805,700,34,1.15,93.812375249501,,,,1539
2021-06-09,480,1021,36,0.4701273261508325,92.63925729442971,,,,1537
2021-06-10,1205,303,29,3.9768976897689767,93.43936381709742,,,,1537
2021-06-11,729,770,37,0.9467532467532468,93.37748344370861,,,,1536
2021-06-14,644,874,32,0.7368421052631579,92.9326287978864,,,,1550
2021-06-15,874,631,34,1.3851030110935023,93.19682959048878,,,,1539
2021-06-16,509,1003,27,0.5074775672981057,92.07920792079209,,,,1539
2021-06-17,501,1009,30,0.4965312190287413,89.84168865435356,,,,1540
2021-06-18,374,1130,31,0.3309734513274336,86.12945838837517,,,,1535
2021-06-21,954,564,33,1.6914893617021276,87.22002635046113,,,,1551
2021-06-22,931,589,25,1.5806451612903225,88.75,,,,1545
2021-06-23,587,913,38,0.6429353778751369,87.8129117259552,,,,1538
2021-06-24,558,943,32,0.591728525980912,86.53465346534654,,,,1533
2021-06-25,831,669,38,1.242152466367713,88.05280528052806,,,,1538
2021-06-28,832,687,29,1.2110625909752548,88.12664907651715,,,,1548
2021-06-29,674,832,34,0.8100961538461539,86.71513549239921,,,,1540
2021-06-30,739,757,42,0.9762219286657859,86.07260726072607,,,,1538
2021-07-01,757,743,37,1.018842530282638,86.30678077682687,,,,1537
2021-07-02,913,585,38,1.5606837606837607,86.95652173913044,,,,1536
2021-07-05,1036,483,39,2.1449275362318843,88.66317169069463,,,,1558
2021-07-06,602,907,34,0.6637265711135611,86.5485564304462,,,,1543
2021-07-07,818,700,29,1.1685714285714286,87.39330269205516,,,,1547
2021-07-08,549,948,48,0.5791139240506329,84.65573770491804,,,,1545
2021-07-09,851,639,44,1.3317683881064162,84.2904290429043,,,,1534
2021-07-12,894,634,32,1.4100946372239747,85.21909744931328,,,,1560
2021-07-13,817,685,43,1.1927007299270074,85.95800524934383,,,,1545
2021-07-14,766,749,31,1.0226969292389854,86.37851997380484,,,,1546
2021-07-15,659,847,40,0.7780401416765053,85.31147540983606,,,,1546
2021-07-16,762,744,36,1.0241935483870968,84.87836949375411,,,,1542
2021-07-19,692,840,27,0.8238095238095238,83.57329842931938,,,,1559
2021-07-20,311,1216,16,0.2557565789473684,75.92105263157895,,,,1543
2021-07-22,1081,443,21,2.440180586907449,78.4776902887139,,,,1545
2021-07-23,634,893,26,0.70996640537514,77.6324395029431,,,,1553
2021-07-26,749,785,30,0.954140127388535,76.42064010450686,,,,1564
2021-07-27,644,884,23,0.7285067873303167,74.85265225933202,,,,1551
2021-07-28,557,948,36,0.5875527426160337,71.60737812911727,,,,1541
2021-07-29,929,597,21,1.5561139028475712,73.37278106508876,,,,1547
2021-07-30,792,719,39,1.1015299026425591,73.98427260812582,,,,1550
2021-08-02,1014,518,42,1.9575289575289576,76.20286085825748,,,,1574
2021-08-03,756,758,40,0.9973614775725593,75.80117724002616,,,,1554
2021-08-04,384,1150,18,0.3339130434782609,70.87696335078533,,,,1552
2021-08-05,469,1062,21,0.4416195856873823,67.21204188481676,,,,1552
2021-08-06,834,677,38,1.2319054652880355,67.82665791201575,,,,1549
2021-08-09,483,1050,37,0.46,63.577023498694516,,,,1570
2021-08-10,182,1357,16,0.13411938098747236,49.50884086444008,,,,1555
2021-08-11,483,1043,28,0.46308724832214765,44.48818897637795,,,,1554
2021-08-12,1270,262,20,4.847328244274809,54.07894736842105,,,,1552
2021-08-13,664,860,30,0.772093023255814,53.022339027595265,,,,1554
2021-08-16,440,1103,28,0.3989120580235721,47.2893533638145,,,,1571
2021-08-17,479,1052,25,0.4553231939163498,43.64713627386438,,,,1556
2021-08-18,472,1048,36,0.45038167938931295,40.23668639053255,,,,1556
2021-08-20,223,1320,19,0.16893939393939394,32.306684141546526,,,,1562
2021-08-23,268,1292,20,0.20743034055727555,26.43603133159269,,,,1580
2021-08-24,1199,336,31,3.568452380952381,30.668414154652684,,,,1566
2021-08-25,967,550,45,1.7581818181818183,33.20184089414859,,,,1562
2021-08-26,767,765,36,1.0026143790849673,32.93963254593176,,,,1568
2021-08-27,925,595,50,1.5546218487394958,35.340314136125656,,,,1570
2021-08-30,1106,434,52,2.5483870967741935,40.246273493195076,,,,1592
2021-08-31,713,819,35,0.8705738705738706,39.75114603798297,,,,1567
2021-09-01,692,823,53,0.8408262454434994,39.92146596858639,,,,1568
2021-09-02,1004,511,52,1.9647749510763208,43.40983606557377,,,,1567
2021-09-03,751,759,58,0.9894598155467721,44.277305428384565,,,,1568
2021-09-06,730,799,58,0.9136420525657072,44.8051948051948,,,,1587
2021-09-07,479,1051,39,0.45575642245480497,42.6518615284128,,,,1569
2021-09-08,828,679,62,1.2194403534609721,44.31372549019608,,,,1569
2021-09-09,824,691,62,1.1924746743849493,46.8445022771633,,,,1577
2021-09-13,784,748,51,1.0481283422459893,48.57328145265888,,,,1583
2021-09-14,926,608,43,1.5230263157894737,50.94462540716612,,,,1577
2021-09-15,988,555,45,1.7801801801801802,55.016181229773466,,,,1588
2021-09-16,679,850,53,0.7988235294117647,54.63984425697599,,,,1582
2021-09-17,389,1155,35,0.3367965367965368,48.76302083333333,,,,1579
2021-09-20,286,1279,33,0.22361219702892884,40.50225370251127,,,,1598
2021-09-21,725,813,46,0.8917589175891759,40.97087378640777,,,,1584
2021-09-22,1059,478,47,2.215481171548117,46.17380025940337,,,,1584
2021-09-23,963,571,52,1.6865148861646235,49.287564766839374,,,,1586
2021-09-24,518,1032,37,0.501937984496124,45.98965071151358,,,,1587
2021-09-27,661,884,54,0.747737556561086,46.68383773341919,,,,1599
2021-09-28,570,975,46,0.5846153846153846,46.0942543576501,,,,1591
2021-09-29,878,650,61,1.3507692307692307,48.29142488716957,,,,1589
2021-09-30,796,740,53,1.0756756756756756,50.25806451612903,,,,1589
2021-10-01,799,735,57,1.0870748299319728,52.18790218790219,,,,1591
2021-10-04,1159,388,50,2.9871134020618557,59.28066795118818,,,,1597
2021-10-05,944,591,58,1.5972927241962775,65.12226512226512,,,,1593
2021-10-06,521,1029,40,0.5063168124392614,62.75773195876289,,,,1590
2021-10-07,1077,463,47,2.326133909287257,68.96329684481648,,,,1587
2021-10-08,799,739,50,1.081190798376184,70.97812097812097,,,,1588
2021-10-11,814,749,41,1.0867823765020026,72.09450830140486,,,,1604
2021-10-12,758,805,35,0.9416149068322981,72.98335467349551,,,,1598
2021-10-13,767,780,52,0.9833333333333333,74.76038338658148,,,,1599
2021-10-14,712,840,46,0.8476190476190476,75.7847533632287,,,,1598
2021-10-18,783,786,34,0.9961832061068703,75.86206896551724,,,,1603
2021-10-19,280,1292,32,0.21671826625386997,68.25699745547074,,,,1604
2021-10-20,278,1293,23,0.21500386697602475,59.39897698209718,,,,1594
2021-10-21,700,858,40,0.8158508158508159,58.25366475462078,,,,1598
2021-10-22,509,1039,49,0.4898941289701636,53.69897959183674,82.16560509554141,,,1597
2021-10-25,334,1238,30,0.26978998384491115,45.30950861518826,79.21071176885131,,,1602
2021-10-26,1203,362,34,3.3232044198895028,52.01021059349075,81.26315789473684,,,1599
2021-10-27,804,754,43,1.06631299734748,53.30368487928844,81.27629733520337,,,1601
2021-10-28,275,1295,25,0.21235521235521235,45.28662420382166,78.30650804758572,,,1595
2021-10-29,620,937,40,0.6616862326574173,44.0279542566709,77.09497206703911,,,1597
2021-11-01,1090,468,46,2.3290598290598292,49.335022165927796,78.50662944870899,,,1604
2021-11-02,990,552,56,1.7934782608695652,52.70184361093452,80.3347280334728,,,1598
2021-11-03,668,883,45,0.7565118912797282,50.445292620865146,79.02439024390245,,,1596
2021-11-04,1362,195,32,6.984615384615385,56.44955300127714,81.68523676880223,,,1589
2021-11-08,847,727,37,1.1650618982118295,58.37018319646241,82.12795549374131,,,1611
2021-11-09,927,619,60,1.4975767366720516,61.71825647504738,82.75382475660639,,,1606
2021-11-10,732,826,43,0.8861985472154964,61.192136968928345,82.62682418346074,,,1601
2021-11-11,560,1010,35,0.5544554455445545,59.11392405063292,81.94444444444444,,,1605
2021-11-12,697,861,44,0.8095238095238095,57.95814838300571,81.60999306037475,,,1602
2021-11-15,479,1109,30,0.43192064923354373,52.29415461973601,79.31991672449688,,,1618
2021-11-16,700,862,49,0.8120649651972158,51.230283911671926,79.20997920997921,,,1611
2021-11-17,593,976,41,0.6075819672131147,49.81036662452591,78.37837837837837,,,1610
2021-11-18,304,1283,24,0.23694466095089634,42.16182048040455,75.03467406380028,,,1611
2021-11-22,196,1407,18,0.13930348258706468,31.46279949558638,68.1881051175657,,,1621
2021-11-23,1273,303,31,4.201320132013201,37.49208359721343,71.39889196675901,,,1607
2021-11-24,945,622,43,1.5192926045016077,39.328689043698546,72.22991689750693,,,1610
2021-11-25,981,587,44,1.6712095400340716,42.04545454545455,73.04768486523842,,,1612
2021-11-26,273,1332,17,0.20495495495495494,31.529263687853998,67.6328502415459,,,1622
2021-11-29,266,1336,32,0.19910179640718562,26.375,62.078458362009634,,,1634
2021-11-30,930,650,40,1.4307692307692308,27.977315689981097,62.80193236714976,,,1620
2021-12-01,939,646,34,1.4535603715170278,28.66161616161616,63.86206896551724,,,1619
2021-12-02,1163,420,36,2.769047619047619,32.219419924337956,67.17241379310344,,,1619
2021-12-03,831,743,45,1.1184387617765814,32.555205047318616,67.93103448275862,,,1619
2021-12-06,450,1137,43,0.39577836411609496,31.826741996233523,65.52197802197803,,,1630
2021-12-07,1222,356,39,3.432584269662921,36.40378548895899,68.65979381443299,,,1617
2021-12-08,1201,389,29,3.0874035989717226,41.81360201511335,71.10501029512697,,,1619
2021-12-09,985,594,35,1.6582491582491583,46.05180037902716,72.97668038408779,,,1614
2021-12-10,988,597,33,1.6549413735343383,50.28391167192429,74.77724468814256,,,1618
2021-12-13,763,838,35,0.9105011933174224,51.37500000000001,74.26420260095826,,,1636
2021-12-14,742,849,26,0.8739693757361602,49.77890082122552,73.95476353666895,,,1617
2021-12-15,652,942,25,0.692144373673036,49.053030303030305,73.39261285909713,,,1619
2021-12-16,483,1109,29,0.43552750225428316,46.246056782334385,71.87713310580205,,,1621
2021-12-17,243,1365,13,0.17802197802197803,37.38965952080706,66.96245733788396,,,1621
2021-12-20,133,1484,15,0.08962264150943396,27.63819095477387,57.64785859959212,,,1632
2021-12-21,1168,433,23,2.697459584295612,31.167192429022084,60.44928522804629,,,1624
2021-12-22,1257,339,29,3.7079646017699117,36.04284814114681,62.925170068027214,,,1625
2021-12-23,1046,548,30,1.9087591240875912,39.873817034700316,64.5578231292517,,,1624
2021-12-24,495,1084,45,0.4566420664206642,38.09222994314593,62.38095238095238,,,1624
2021-12-27,886,725,34,1.2220689655172414,39.88728866624921,63.37169939065673,,,1645
2021-12-28,1273,323,35,3.9411764705882355,47.06994328922495,66.68932698844323,,,1631
2021-12-29,865,739,28,1.1705006765899866,50.18891687657431,68.13858695652173,,,1632
2021-12-30,716,889,27,0.8053993250843644,51.60680529300568,68.59279401767505,,,1632
2021-12-31,1155,450,29,2.566666666666667,56.289308176100626,69.74847042828009,,,1634
2022-01-03,1221,411,23,2.9708029197080292,63.24626865671642,73.46387575962187,,,1655
2022-01-04,807,798,30,1.0112781954887218,65.26117054751415,73.69136641740313,,,1635
2022-01-05,805,810,18,0.9938271604938271,67.61184625078765,74.43915703602991,,,1633
2022-01-06,816,784,30,1.0408163265306123,68.34804539722572,74.57511896668933,93.0,2.0,1630
2022-01-07,883,721,30,1.2246879334257974,70.82545683679899,75.22063815342838,117.0,2.0,1634
2022-01-10,1170,462,27,2.5324675324675323,75.80645161290323,77.68037761294673,138.0,2.0,1659
2022-01-11,724,895,20,0.8089385474860336,75.03136762860728,77.47625508819539,151.0,2.0,1639
2022-01-12,831,779,25,1.0667522464698331,77.95226130653266,77.91327913279133,135.0,1.0,1635
2022-01-13,835,768,36,1.0872395833333333,80.26315789473685,78.76943881000676,90.0,1.0,1639
2022-01-14,965,636,33,1.5172955974842768,81.70961659333751,79.45945945945945,85.0,2.0,1634
2022-01-17,986,638,39,1.5454545454545454,83.86897404202719,80.64300066979236,150.0,2.0,1663
2022-01-18,329,1294,18,0.2542503863987635,78.77269881026926,77.84511784511785,123.0,4.0,1641
2022-01-19,721,894,23,0.8064876957494407,76.94235588972431,76.87120701281187,68.0,6.0,1638
2022-01-20,793,806,37,0.9838709677419355,76.28607277289838,76.87120701281187,83.0,7.0,1636
2022-01-21,305,1322,12,0.23071104387291982,69.88102692548529,72.8744939271255,57.0,9.0,1639
2022-01-24,74,1576,12,0.046954314720812185,47.842170160295936,63.79425517702071,24.0,33.0,1662
2022-01-25,1081,539,16,2.00556586270872,53.93750000000001,66.41991924629879,12.0,34.0,1636
2022-01-27,666,944,23,0.7055084745762712,53.81727158948686,65.34320323014805,26.0,10.0,1633
2022-01-28,988,616,31,1.603896103896104,57.276702061211736,66.64425016812375,34.0,6.0,1635
2022-01-31,897,736,28,1.21875,58.58461538461538,67.77851901267512,32.0,4.0,1661
2022-02-01,880,730,26,1.2054794520547945,59.875389408099686,69.26174496644295,28.0,4.0,1636
2022-02-02,1205,403,26,2.990074441687345,66.37554585152839,71.39019476158495,44.0,0.0,1634
2022-02-03,727,887,26,0.8196166854565953,65.54934823091247,71.09322602280349,57.0,1.0,1640
2022-02-04,613,997,32,0.6148445336008024,64.24581005586593,69.86577181208054,50.0,3.0,1642
2022-02-07,530,1111,23,0.47704770477047703,58.62913096695227,67.82145236508994,62.0,8.0,1664
2022-02-08,363,1260,16,0.28809523809523807,51.42857142857142,65.14745308310992,38.0,13.0,1639
2022-02-09,871,745,25,1.1691275167785236,52.91563275434243,66.10850636302746,34.0,10.0,1641
2022-02-10,758,858,26,0.8834498834498834,50.960942343459394,66.46586345381526,36.0,12.0,1642
2022-02-11,304,1318,19,0.2306525037936267,44.354838709677416,62.85140562248996,25.0,26.0,1641
2022-02-14,102,1554,7,0.06563706563706563,25.948592411260712,53.41738553417385,12.0,68.0,1663
2022-02-15,1152,467,25,2.4668094218415417,30.712074303405572,56.53333333333334,5.0,62.0,1644
2022-02-16,1014,603,32,1.681592039800995,32.98332303891291,58.599999999999994,12.0,9.0,1649
2022-02-17,517,1116,17,0.4632616487455197,30.63619518221124,56.562291805463026,14.0,13.0,1650
2022-02-18,431,1188,29,0.3627946127946128,27.441285537700864,55.489021956087825,16.0,23.0,1648
2022-02-21,189,1452,19,0.13016528925619836,21.152667075413856,50.430748840291585,14.0,75.0,1660
2022-02-22,237,1400,12,0.1692857142857143,15.413070283600494,45.62334217506631,7.0,127.0,1649
2022-02-23,1195,436,20,2.7408256880733943,18.96551724137931,48.50696748506967,13.0,26.0,1651
2022-02-24,34,1619,1,0.021000617665225447,9.096496619545174,34.441489361702125,4.0,174.0,1654
2022-02-25,1467,167,15,8.784431137724551,13.37030191004313,41.71087533156499,5.0,9.0,1649
2022-02-28,1053,577,31,1.824956672443674,16.25916870415648,43.51851851851852,14.0,19.0,1661
2022-03-02,753,866,29,0.8695150115473441,15.384615384615385,43.103448275862064,16.0,9.0,1648
2022-03-03,922,690,36,1.336231884057971,15.867158671586715,44.89389920424403,18.0,12.0,1648
2022-03-04,358,1262,29,0.2836767036450079,14.18918918918919,41.777188328912466,15.0,45.0,1649
2022-03-07,226,1416,23,0.1596045197740113,11.582777440873256,36.897689768976896,9.0,98.0,1665
2022-03-08,1211,405,30,2.9901234567901236,13.059472716125075,39.814200398142,10.0,46.0,1646
2022-03-09,1388,239,18,5.807531380753138,16.993865030674847,44.32647644326476,10.0,4.0,1645
2022-03-10,1197,429,24,2.7902097902097904,19.816513761467892,45.96026490066225,19.0,3.0,1650
2022-03-11,994,619,36,1.605815831987076,23.119266055045873,48.47682119205298,31.0,3.0,1649
2022-03-14,734,902,31,0.8137472283813747,24.96977025392987,48.31683168316832,37.0,6.0,1667
2022-03-15,444,1186,20,0.37436762225969644,21.930360415394013,45.65937707090789,31.0,5.0,1650
2022-03-16,1206,408,38,2.9558823529411766,25.869432580841977,48.48084544253633,26.0,3.0,1652
2022-03-17,1035,581,44,1.7814113597246128,29.78723404255319,49.53764861294584,32.0,2.0,1660
2022-03-21,679,946,43,0.7177589852008457,30.83434099153567,49.670619235836625,48.0,6.0,1668
2022-03-22,725,902,28,0.8037694013303769,31.181485992691837,49.9009900990099,41.0,6.0,1655
2022-03-23,642,969,44,0.6625386996904025,31.444241316270567,49.30784442979565,39.0,4.0,1655
2022-03-24,631,992,34,0.6360887096774194,32.62325015216068,49.077733860342555,26.0,7.0,1657
2022-03-25,508,1123,25,0.45235975066785394,31.40596469872185,48.118811881188115,36.0,12.0,1656
2022-03-28,458,1192,21,0.38422818791946306,29.933614966807482,46.12352168199737,45.0,41.0,1671
2022-03-29,672,966,24,0.6956521739130435,30.5352798053528,45.220830586684244,43.0,51.0,1662
2022-03-30,1059,568,29,1.8644366197183098,33.963414634146346,47.07044107965767,41.0,22.0,1656
2022-03-31,681,956,18,0.7123430962343096,36.28048780487805,47.0976253298153,34.0,20.0,1655
2022-04-01,1409,234,16,6.021367521367521,45.49330085261876,51.67873601053324,43.0,1.0,1659
2022-04-04,1351,296,28,4.5641891891891895,57.237635705669476,55.44619422572179,56.0,0.0,1675
2022-04-05,1165,466,26,2.5,67.05308114704088,58.629776021080374,63.0,0.0,1657
2022-04-06,1022,606,34,1.6864686468646866,72.47259439707673,60.763660302830814,72.0,0.0,1662
2022-04-07,677,963,27,0.7030114226375909,73.54014598540147,61.10381077529566,72.0,1.0,1667
2022-04-08,1127,501,35,2.249500998003992,77.94028031687995,62.80447662936142,51.0,0.0,1663
2022-04-11,910,737,39,1.2347354138398914,79.84356197352587,63.89797253106606,75.0,0.0,1686
2022-04-12,363,1284,20,0.2827102803738318,74.80219111381618,60.91803278688525,52.0,0.0,1667
2022-04-13,936,701,36,1.3352353780313837,76.30619684082625,62.14800261951539,72.0,0.0,1673
2022-04-18,635,1029,21,0.6171039844509232,71.27338563669282,60.07853403141361,89.0,0.0,1685
2022-04-19,488,1147,35,0.42545771578029645,68.04625684723068,59.27868852459016,94.0,3.0,1670
2022-04-20,820,817,38,1.003671970624235,69.07654921020657,58.65006553079948,50.0,3.0,1675
2022-04-21,1187,445,39,2.6674157303370785,75.53256238587949,62.45085190039319,57.0,1.0,1671
2022-04-22,599,1035,44,0.578743961352657,74.28744693753791,61.10019646365422,53.0,2.0,1678
2022-04-25,286,1384,20,0.20664739884393063,65.5421686746988,57.04041720990873,35.0,5.0,1690
2022-04-26,1008,637,35,1.5824175824175823,69.65475469412478,59.11169170476812,40.0,4.0,1680
2022-04-27,444,1203,25,0.3690773067331671,65.61168594035301,57.619359058207976,35.0,5.0,1672
2022-04-28,770,875,34,0.88,66.12121212121212,57.95306388526728,39.0,1.0,1679
2022-04-29,496,1147,30,0.43243243243243246,61.95982958003652,54.89556135770235,32.0,4.0,1673
2022-05-02,499,1153,38,0.4327840416305291,57.21153846153846,53.381014304291284,29.0,8.0,1690
2022-05-04,231,1425,18,0.16210526315789472,45.598057073466904,46.866840731070496,29.0,25.0,1674
2022-05-05,689,961,30,0.7169614984391259,43.54936402180496,45.63802083333333,16.0,13.0,1680
2022-05-06,276,1378,18,0.20029027576197386,34.12408759124087,41.54147615937296,6.0,55.0,1672
2022-05-09,357,1308,27,0.27293577981651373,27.74774774774775,37.841352405721715,10.0,72.0,1692
2022-05-10,286,1383,14,0.20679681851048445,20.785498489425983,34.63287849252762,7.0,86.0,1683
2022-05-11,303,1369,11,0.22132943754565376,14.527845036319611,30.208333333333332,4.0,175.0,1683
2022-05-12,287,1383,12,0.20751988430947216,10.242424242424242,26.72301690507152,3.0,204.0,1682
2022-05-13,1196,469,21,2.550106609808102,13.55111917725348,29.9739921976593,5.0,49.0,1686
2022-05-16,1129,542,25,2.0830258302583027,17.318099819603127,31.19325551232166,4.0,44.0,1696
2022-05-17,1468,197,21,7.451776649746193,23.141993957703928,35.77446532728451,5.0,16.0,1686
2022-05-18,911,743,35,1.2261103633916555,25.347012673506335,36.917098445595855,14.0,12.0,1689
2022-05-19,259,1405,21,0.18434163701067616,18.814277071990322,34.04669260700389,5.0,48.0,1685
2022-05-20,1406,254,24,5.535433070866142,24.757869249394673,37.58911211924822,13.0,8.0,1684
2022-05-23,605,1057,40,0.5723746452223274,24.14619532654284,35.4422207876049,15.0,20.0,1702
2022-05-24,394,1266,27,0.31121642969984203,20.495767835550183,32.57772020725388,10.0,49.0,1687
2022-05-25,205,1473,12,0.13917175831636117,13.724304715840388,27.65544041450777,3.0,104.0,1690
2022-05-26,904,755,32,1.1973509933774835,15.4776299879081,28.054298642533936,2.0,156.0,1691
2022-05-27,1191,470,27,2.5340425531914894,17.636363636363637,29.320388349514566,4.0,13.0,1688
2022-05-30,1315,366,26,3.592896174863388,21.115776844631075,32.969151670951156,8.0,14.0,1707
2022-05-31,903,753,37,1.199203187250996,22.92800967937084,34.58064516129033,17.0,16.0,1693
2022-06-01,910,741,44,1.2280701754385965,24.516908212560388,34.98392282958199,20.0,7.0,1695
2022-06-02,1004,645,42,1.5565891472868216,27.602905569007262,36.041263700838165,22.0,8.0,1691
2022-06-03,502,1154,36,0.43500866551126516,25.151148730350663,34.12749517063748,9.0,12.0,1692
2022-06-06,618,1035,54,0.5971014492753624,24.46043165467626,33.97312859884837,6.0,25.0,1707
2022-06-07,528,1127,41,0.46850044365572313,23.295111647555824,32.392559332905705,9.0,29.0,1696
2022-06-08,673,977,43,0.6888433981576254,22.450211225105612,32.09242618741977,8.0,23.0,1693
2022-06-09,828,809,49,1.023485784919654,23.076923076923077,33.140655105973025,11.0,24.0,1686
2022-06-10,480,1173,39,0.4092071611253197,21.109770808202654,30.926517571884983,13.0,36.0,1692
2022-06-13,120,1569,18,0.07648183556405354,13.389121338912133,25.748884639898023,5.0,128.0,1707
2022-06-14,691,935,62,0.7390374331550802,13.353474320241693,25.36741214057508,6.0,104.0,1688
2022-06-15,916,723,55,1.2669432918395573,14.44912703190849,26.547543075941288,7.0,55.0,1694
2022-06-16,155,1521,14,0.10190664036817883,9.71635485817743,20.88122605363985,10.0,205.0,1690
2022-06-17,459,1199,28,0.38281901584653877,8.882175226586103,20.26854219948849,3.0,293.0,1686
2022-06-20,204,1481,24,0.137744767049291,7.087552114353782,16.020343293070567,5.0,375.0,1709
2022-06-21,1464,216,17,6.777777777777778,9.898020395920817,19.694072657743785,2.0,80.0,1697
2022-06-22,469,1199,27,0.39115929941618016,9.30930930930931,18.61057998725303,2.0,53.0,1695
2022-06-23,1127,527,46,2.138519924098672,11.476389719067544,19.389701207883025,2.0,50.0,1700
2022-06-24,1359,305,33,4.4557377049180324,14.302812687013763,21.91082802547771,4.0,13.0,1697
2022-06-27,1278,393,36,3.2519083969465647,18.32242712671029,22.96954314720812,7.0,10.0,1707
2022-06-28,892,764,40,1.1675392670157068,20.778443113772454,24.601657106437223,11.0,14.0,1696
2022-06-29,663,976,57,0.6793032786885246,21.19760479041916,24.570337364735835,11.0,22.0,1696
2022-06-30,552,1094,43,0.5045703839122486,21.26126126126126,24.012738853503183,11.0,25.0,1689
2022-07-01,817,827,51,0.9879081015719468,22.188995215311007,24.1423125794155,10.0,34.0,1695
2022-07-04,1037,624,49,1.6618589743589745,27.477744807121663,24.68354430379747,18.0,7.0,1710
2022-07-05,818,815,63,1.003680981595092,28.186714542190305,25.554850982878886,13.0,9.0,1696
2022-07-06,942,706,45,1.3342776203966005,33.03357314148681,26.188966391883323,11.0,17.0,1693
2022-07-07,1209,449,45,2.692650334075724,39.130434782608695,28.336495888678055,19.0,7.0,1703
2022-07-08,877,750,67,1.1693333333333333,41.208133971291865,28.299492385786802,19.0,3.0,1694
2022-07-11,1092,554,60,1.9711191335740073,47.681331747919145,29.91777356103732,28.0,7.0,1706
2022-07-12,665,975,65,0.6820512820512821,48.36601307189542,29.70922882427307,22.0,5.0,1705
2022-07-13,750,902,52,0.8314855875831486,50.65398335315101,29.329962073324907,12.0,3.0,1704
2022-07-14,559,1096,47,0.510036496350365,48.095238095238095,28.43571880937302,13.0,12.0,1702
2022-07-15,871,769,63,1.1326397919375812,49.613784907902556,29.329962073324907,16.0,13.0,1703
2022-07-18,1267,394,53,3.215736040609137,58.51502651738362,31.44297416509137,31.0,5.0,1714
2022-07-19,1029,634,42,1.6230283911671923,63.60403082394783,33.102143757881464,26.0,1.0,1705
2022-07-20,929,711,68,1.3066104078762306,67.6923076923077,34.152488972904855,35.0,3.0,1708
2022-07-21,1014,642,53,1.5794392523364487,70.07687758722649,35.687263556116015,28.0,5.0,1709
2022-07-22,843,809,53,1.0420271940667492,72.3606168446026,36.43263757115749,33.0,4.0,1705
2022-07-25,657,1018,42,0.6453831041257367,68.56974690994703,35.87161736941473,31.0,7.0,1717
2022-07-26,414,1249,39,0.33146517213771015,62.589073634204276,33.37547408343868,19.0,10.0,1702
2022-07-27,885,776,45,1.1404639175257731,64.39573459715639,34.532828282828284,22.0,12.0,1706
2022-07-28,955,714,35,1.3375350140056022,67.47774480712167,36.04797979797979,33.0,9.0,1704
2022-07-29,1091,563,50,1.9378330373001775,72.12336892052194,38.20933165195461,38.0,7.0,1704
2022-08-01,1221,449,51,2.7193763919821827,77.30205278592376,41.70854271356784,45.0,3.0,1721
2022-08-02,919,738,50,1.2452574525745257,80.1418439716312,43.09148264984227,45.0,1.0,1707
2022-08-03,534,1127,46,0.4738243123336291,77.25930301240402,41.47727272727273,29.0,3.0,1707
2022-08-04,724,935,46,0.774331550802139,75.88652482269504,40.682248894504106,38.0,4.0,1705
2022-08-05,882,761,61,1.1590013140604467,75.76832151300236,41.5929203539823,34.0,3.0,1704
2022-08-08,909,766,48,1.1866840731070496,75.78947368421053,43.153266331658294,38.0,5.0,1723
2022-08-10,694,982,33,0.7067209775967414,74.2486741308191,42.59609325771896,50.0,7.0,1709
2022-08-11,840,814,51,1.031941031941032,73.83343177790904,43.47826086956522,54.0,7.0,1705
2022-08-12,842,819,48,1.028083028083028,74.35141509433963,43.5687263556116,38.0,5.0,1709
2022-08-16,972,696,54,1.396551724137931,75.59976594499707,45.0501253132832,59.0,8.0,1722
2022-08-17,1010,656,47,1.5396341463414633,78.23529411764706,47.16981132075472,61.0,3.0,1713
2022-08-18,895,761,56,1.176084099868594,79.22307239552678,49.119496855345915,53.0,6.0,1712
2022-08-19,573,1107,31,0.5176151761517616,78.04590935844614,47.89440603394092,46.0,5.0,1711
2022-08-22,459,1221,41,0.3759213759213759,73.18501170960188,44.834063869755795,40.0,7.0,1721
2022-08-23,1081,574,57,1.8832752613240418,76.04473219540905,47.61606022584692,37.0,5.0,1712
2022-08-24,1091,568,52,1.920774647887324,77.85630153121319,49.623588456712675,61.0,1.0,1711
2022-08-25,870,809,32,1.0754017305315204,78.66823806717737,51.821608040201006,66.0,2.0,1711
2022-08-26,937,727,50,1.2888583218707015,80.17647058823529,53.446115288220554,63.0,1.0,1714
2022-08-29,566,1124,39,0.50355871886121,77.30455075845974,51.7478152309613,51.0,14.0,1729
2022-08-30,1256,405,53,3.1012345679012348,79.64705882352942,54.8306148055207,81.0,2.0,1714
2022-09-01,892,779,42,1.1450577663671373,80.23529411764706,56.44555694618273,88.0,5.0,1713
2022-09-02,700,969,48,0.7223942208462333,79.12023460410558,56.207111665626954,82.0,5.0,1717
2022-09-05,1060,636,33,1.6666666666666667,80.72218986604543,57.97011207970112,80.0,6.0,1729
2022-09-06,756,918,42,0.8235294117647058,80.75117370892019,58.5776668746101,70.0,6.0,1716
2022-09-07,989,676,53,1.46301775147929,82.46334310850439,60.77210460772105,63.0,6.0,1718
2022-09-08,965,709,45,1.3610719322990128,83.10850439882698,62.76463262764632,87.0,3.0,1719
2022-09-09,670,1004,43,0.6673306772908366,83.1275720164609,62.16552582451773,79.0,3.0,1717
2022-09-12,1045,646,47,1.6176470588235294,84.08826945412311,63.57452071737786,76.0,2.0,1738
2022-09-13,829,856,32,0.9684579439252337,84.90011750881315,64.65838509316771,88.0,3.0,1717
2022-09-14,690,987,42,0.6990881458966566,82.57042253521126,64.3699565487275,72.0,2.0,1719
2022-09-15,729,953,38,0.7649527806925498,81.40762463343108,65.136476426799,99.0,4.0,1720
2022-09-16,251,1449,19,0.17322291235334714,72.75396359365826,59.33044017358958,57.0,10.0,1719
2022-09-19,702,999,36,0.7027027027027027,71.1046511627907,58.5335797905114,55.0,15.0,1737
2022-09-20,1083,584,59,1.8544520547945205,72.63157894736842,60.384376937383756,71.0,7.0,1726
2022-09-21,473,1214,37,0.3896210873146623,69.57284961966062,58.63777089783282,59.0,13.0,1724
2022-09-22,840,825,57,1.018181818181818,69.65436438195664,58.761609907120736,50.0,15.0,1722
2022-09-23,244,1442,33,0.16920943134535368,60.093896713615024,54.58488228004956,37.0,19.0,1719
2022-09-26,133,1588,16,0.08375314861460957,40.65040650406504,45.6,21.0,53.0,1737
2022-09-27,929,734,57,1.2656675749318802,42.07746478873239,46.53465346534654,11.0,31.0,1720
2022-09-28,571,1118,29,0.5107334525939177,38.366627497062275,45.23514851485149,17.0,30.0,1718
2022-09-29,929,732,55,1.2691256830601092,40.294117647058826,46.13003095975232,22.0,27.0,1716
2022-09-30,1222,444,55,2.7522522522522523,44.75073313782991,49.10438542310068,30.0,22.0,1721
2022-10-03,534,1150,48,0.4643478260869565,41.11822947000582,47.01905347264905,37.0,13.0,1732
2022-10-04,1400,297,34,4.713804713804714,48.36829836829837,51.847290640394085,37.0,1.0,1731
2022-10-06,1220,466,40,2.6180257510729614,53.71127995324372,53.94574599260172,45.0,2.0,1726
2022-10-07,918,753,54,1.2191235059760956,54.885898186073725,54.70769230769231,50.0,4.0,1725
2022-10-10,536,1149,48,0.46649260226283723,51.45518044237486,53.37423312883436,48.0,10.0,1733
2022-10-11,347,1351,30,0.25684678016284235,44.42498540572096,49.84653161448742,36.0,12.0,1728
2022-10-12,747,936,45,0.7980769230769231,43.54932866316404,50.03065603923973,20.0,16.0,1728
2022-10-13,516,1176,33,0.4387755102040816,40.23391812865497,48.4996938150643,29.0,25.0,1725
2022-10-14,773,878,73,0.8804100227790432,39.379754242246925,48.529411764705884,35.0,22.0,1724
2022-10-17,702,978,56,0.7177914110429447,38.814642649622314,47.49694749694749,24.0,38.0,1736
2022-10-18,1033,637,54,1.6216640502354789,40.749414519906324,49.20440636474908,32.0,24.0,1724
2022-10-19,738,944,44,0.7817796610169492,40.32729398012858,49.41824862216779,40.0,24.0,1726
2022-10-20,763,911,54,0.8375411635565313,40.42056074766355,48.808796579108126,31.0,27.0,1728
2022-10-21,500,1171,57,0.4269854824935952,36.703682057276446,47.91921664626683,28.0,26.0,1728
2022-10-24,1392,300,47,4.64,43.06442251886245,50.67155067155067,34.0,7.0,1739
2022-10-25,607,1084,37,0.5599630996309963,40.53738317757009,49.23640806353085,36.0,15.0,1728
2022-10-27,859,830,42,1.0349397590361447,40.816326530612244,50.396583282489324,52.0,19.0,1731
2022-10-28,597,1079,58,0.5532900834105653,40.442890442890445,49.96949359365467,48.0,21.0,1734
2022-10-31,906,791,49,1.145385587863464,40.335648148148145,50.78979343863913,52.0,18.0,1746
2022-11-01,897,775,61,1.1574193548387097,43.20699708454811,51.433801098230624,41.0,16.0,1733
2022-11-02,842,825,69,1.0206060606060605,44.70314318975553,51.85636031649422,34.0,6.0,1736
2022-11-03,788,887,53,0.8883878241262683,43.27485380116959,52.962736713500306,45.0,13.0,1728
2022-11-04,958,729,45,1.3141289437585735,46.06413994169096,53.90243902439025,49.0,12.0,1732
2022-11-07,974,715,55,1.3622377622377622,47.62456546929316,54.95440729483283,69.0,10.0,1744
2022-11-09,761,930,46,0.8182795698924731,46.82955206515416,54.96648385131018,79.0,11.0,1737
2022-11-10,464,1229,41,0.3775427176566314,43.35664335664335,53.90720390720391,38.0,27.0,1734
2022-11-11,854,817,56,1.0452876376988984,43.358689291983616,53.92156862745098,45.0,18.0,1727
2022-11-14,730,975,41,0.7487179487179487,43.196294151708166,54.40729483282675,49.0,24.0,1746
2022-11-15,765,924,50,0.827922077922078,43.51367073880163,54.35709932967703,57.0,19.0,1739
2022-11-16,609,1087,41,0.5602575896964122,41.49184149184149,53.10596833130329,44.0,23.0,1737
2022-11-17,626,1064,49,0.5883458646616542,40.18637157833431,51.890243902439025,32.0,33.0,1739
2022-11-18,590,1101,47,0.5358764759309719,38.264414676761795,51.339829476248475,41.0,35.0,1738
2022-11-21,650,1069,38,0.608044901777362,38.24884792626728,50.30266343825666,42.0,44.0,1757
2022-11-22,742,945,57,0.7851851851851852,37.73255813953488,49.84765386959171,44.0,46.0,1744
2022-11-23,932,760,53,1.2263157894736842,39.84874927283305,50.85261875761267,44.0,32.0,1745
2022-11-24,945,743,62,1.2718707940780618,42.07777132907719,52.06812652068127,51.0,28.0,1750
2022-11-25,1063,640,47,1.6609375,45.4123112659698,53.556231003039514,56.0,11.0,1750
2022-11-28,1008,697,63,1.4461979913916787,49.08045977011494,55.468277945619334,70.0,7.0,1768
2022-11-29,723,974,56,0.742299794661191,49.6231884057971,56.447688564476884,59.0,8.0,1753
2022-11-30,1021,673,54,1.5170876671619613,53.662790697674424,58.28258221680876,48.0,11.0,1748
2022-12-01,987,709,54,1.3921015514809592,56.50406504065041,59.160073037127205,50.0,10.0,1750
2022-12-02,1001,702,50,1.4259259259259258,59.39675174013921,60.55995130858186,55.0,8.0,1753
2022-12-05,1002,720,48,1.3916666666666666,63.64158529580701,61.94797338173019,73.0,8.0,1770
2022-12-06,654,1047,51,0.6246418338108882,61.382113821138205,61.61800486618005,55.0,4.0,1752
2022-12-07,635,1076,46,0.5901486988847584,60.39374638100753,61.18859915100061,60.0,1.0,1757
2022-12-08,873,836,44,1.0442583732057416,61.07888631090487,61.87006678809958,63.0,3.0,1753
2022-12-09,424,1291,39,0.3284275755228505,55.62645011600929,60.31553398058252,64.0,7.0,1754
2022-12-12,912,821,37,1.1108404384896469,56.37931034482758,60.337552742616026,52.0,12.0,1770
2022-12-13,891,810,55,1.1,57.44927536231884,61.916312916919345,69.0,6.0,1756
2022-12-14,940,770,44,1.2207792207792207,59.663377829367384,63.12916919345057,72.0,5.0,1754
2022-12-15,539,1167,49,0.46186803770351326,56.72853828306265,61.93939393939394,54.0,9.0,1755
2022-12-16,499,1213,42,0.4113767518549052,52.55220417633411,60.70345664038811,36.0,14.0,1754
2022-12-19,995,726,47,1.3705234159779613,55.60667050028753,61.64053075995175,41.0,18.0,1768
2022-12-20,715,989,51,0.7229524772497472,54.28736964078795,61.720169594185336,34.0,20.0,1755
2022-12-21,203,1531,21,0.1325930764206401,42.385639837869135,56.2083585705633,36.0,36.0,1755
2022-12-22,236,1501,15,0.15722851432378415,31.90255220417633,50.24242424242424,8.0,74.0,1752
2022-12-23,85,1668,4,0.050959232613908875,18.51851851851852,40.0726392251816,3.0,135.0,1757
2022-12-26,1564,189,24,8.275132275132275,29.054441260744984,46.95966285370259,4.0,79.0,1777
2022-12-27,1352,367,34,3.683923705722071,34.43670150987224,51.12325440194293,9.0,4.0,1753
2022-12-28,1004,713,35,1.4081346423562413,37.53631609529343,53.70145631067961,13.0,5.0,1752
2022-12-29,853,863,40,0.9884125144843569,37.68115942028986,53.82281553398058,20.0,9.0,1756
2022-12-30,1110,599,49,1.8530884808013355,41.16965836711059,55.373406193078324,25.0,5.0,1758
2024-08-01,0,0,0,,,,,,0
2024-08-02,689,1224,18,0.5629084967320261,,,,,1931
2024-08-05,112,1819,1,0.061572292468389224,,,,,1932
2024-08-06,660,1259,11,0.5242255758538522,,,,,1930
2024-08-07,1608,312,11,5.153846153846154,,,,,1931
2024-08-08,763,1154,14,0.6611785095320624,,,,,1931
2024-08-09,1145,776,12,1.4755154639175259,,,,,1933
2024-08-12,884,1056,11,0.8371212121212122,,,,,1951
2024-08-13,433,1493,11,0.290020093770931,,,,,1937
2024-08-14,600,1325,11,0.4528301886792453,,,,,1936
2024-08-16,1341,591,5,2.269035532994924,,,,,1937
2024-08-19,1385,554,13,2.5,,,,,1952
2024-08-20,1167,758,14,1.5395778364116095,,,,,1939
2024-08-21,1292,636,12,2.0314465408805034,,,,,1940
2024-08-22,1165,763,11,1.526867627785059,,,,,1939
2024-08-23,892,1034,13,0.8626692456479691,,,,,1939
2024-08-26,969,974,13,0.9948665297741273,,,,,1956
2024-08-27,1056,868,15,1.2165898617511521,,,,,1939
2024-08-28,747,1177,16,0.6346644010195412,,,,,1940
2024-08-29,528,1394,18,0.3787661406025825,,,,,1940
2024-08-30,1095,829,19,1.3208685162846803,,,,,1943
2024-09-02,742,1208,8,0.6142384105960265,,,,,1958
2024-09-03,970,963,15,1.0072689511941848,,,,,1948
2024-09-04,895,1043,11,0.8581016299137104,,,,,1949
2024-09-05,1117,815,18,1.3705521472392639,,,,,1950
2024-09-06,485,1460,4,0.3321917808219178,,,,,1949
2024-09-09,666,1283,17,0.5190958690568979,,,,,1966
2024-09-10,1368,577,9,2.3708838821490468,,,,,1954
2024-09-11,599,1346,9,0.4450222882615156,,,,,1954
2024-09-12,1180,753,23,1.5670650730411686,,,,,1956
2024-09-13,1200,742,14,1.6172506738544474,,,,,1956
2024-09-16,921,1042,9,0.8838771593090211,,,,,1972
2024-09-17,712,1233,18,0.5774533657745337,,,,,1963
2024-09-18,591,1365,7,0.432967032967033,,,,,1963
2024-09-19,459,1496,6,0.3068181818181818,,,,,1961
2024-09-20,1267,684,11,1.8523391812865497,,,,,1962
2024-09-23,1182,777,17,1.5212355212355213,,,,,1976
2024-09-24,840,1114,8,0.7540394973070018,,,,,1962
2024-09-25,722,1237,5,0.5836701697655619,,,,,1964
2024-09-26,707,1249,8,0.566052842273819,,,,,1964
2024-09-27,927,1023,14,0.906158357771261,,,,,1964
2024-09-30,796,1176,8,0.6768707482993197,,,,,1980
2024-10-01,1133,824,15,1.375,,,,,1972
2024-10-03,309,1653,9,0.1869328493647913,,,,,1971
2024-10-04,571,1393,10,0.40990667623833454,,,,,1974
2024-10-07,150,1827,8,0.08210180623973727,,,,,1985
2024-10-08,1658,306,11,5.4183006535947715,,,,,1975
2024-10-09,1360,603,9,2.255389718076285,,,,,1972
2024-10-10,1070,886,17,1.2076749435665914,,,,,1973
2024-10-11,983,976,13,1.007172131147541,43.140323422013566,,,,1972
2024-10-14,893,1080,12,0.8268518518518518,44.50234497133924,,,,1985
2024-10-15,968,988,16,0.979757085020243,45.520833333333336,,,,1972
2024-10-16,995,964,13,1.0321576763485478,47.45322245322245,,,,1972
2024-10-17,415,1538,16,0.26983094928478546,41.268191268191266,,,,1969
2024-10-18,876,1086,11,0.8066298342541437,40.4045643153527,,,,1973
2024-10-21,388,1585,15,0.244794952681388,33.73056994818653,,,,1988
2024-10-22,108,1865,2,0.057908847184986595,20.82901554404145,,,,1975
2024-10-23,1143,824,8,1.3871359223300972,21.957534955981355,,,,1975
2024-10-24,652,1309,16,0.49809014514896865,20.227625452664252,,,,1977
2024-10-25,248,1721,5,0.14410226612434632,15.002586652871186,,,,1974
2024-10-28,1359,619,7,2.1954765751211633,16.99481865284974,,,,1985
2024-10-29,1154,808,14,1.4282178217821782,18.39793281653747,,,,1976
2024-10-30,1559,410,7,3.8024390243902437,23.4625322997416,,,,1976
2024-10-31,1319,647,14,2.038639876352396,26.704545454545453,,,,1980
2024-11-01,1736,236,8,7.3559322033898304,33.54037267080746,,,,1980
2024-11-04,423,1564,7,0.270460358056266,27.878162106350025,,,,1994
2024-11-05,1263,705,15,1.7914893617021277,30.582774626095926,,,,1983
2024-11-06,1624,355,5,4.574647887323944,38.414006179196704,,,,1984
2024-11-07,759,1217,9,0.6236647493837305,38.651569737519296,,,,1985
2024-11-08,467,1511,7,0.30906684315023164,33.50488934637159,,,,1985
2024-11-11,523,1458,15,0.35871056241426613,29.938271604938272,,,,1996
2024-11-12,430,1546,8,0.278137128072445,25.75835475578406,,,,1984
2024-11-13,162,1821,3,0.08896210873146623,17.565485362095533,,,,1986
2024-11-14,1098,874,11,1.2562929061784898,19.14565105506948,,,,1983
2024-11-18,683,1304,15,0.5237730061349694,19.076923076923077,,,,2002
2024-11-19,1260,706,21,1.7847025495750708,21.04722792607803,,,,1987
2024-11-21,470,1510,9,0.31125827814569534,18.964633521271143,,,,1989
2024-11-22,1341,627,20,2.138755980861244,21.16863147104049,,,,1988
2024-11-25,1440,550,15,2.618181818181818,25.153374233128833,,,,2005
2024-11-26,1211,759,19,1.5955204216073782,28.059395801331284,,,,1989
2024-11-27,1382,589,19,2.3463497453310698,32.567636549259824,,,,1990
2024-11-28,1119,852,19,1.3133802816901408,35.13789581205312,,,,1990
2024-11-29,1203,772,17,1.5582901554404145,38.233792751403776,,,,1992
2024-12-02,1281,710,15,1.804225352112676,42.98827129015808,,,,2006
2024-12-03,1413,565,18,2.5008849557522126,49.94897959183673,,,,1996
2024-12-04,1162,817,15,1.4222766217870257,54.36447166921899,,,,1994
2024-12-05,941,1032,21,0.9118217054263565,56.98267074413863,,,,1994
2024-12-06,1180,793,23,1.4880201765447667,61.099796334012225,,,,1996
2024-12-09,1077,910,21,1.1835164835164835,63.40966921119593,,,,2008
2024-12-10,943,1037,18,0.9093539054966249,65.071283095723,,,,1998
2024-12-11,1021,962,13,1.0613305613305613,67.07379134860051,,,,1996
2024-12-12,527,1456,11,0.36195054945054944,62.32179226069247,,,,1994
2024-12-13,779,1199,17,0.6497080900750626,61.1704834605598,,,,1995
2024-12-16,1097,902,10,1.2161862527716185,63.299492385786806,,,,2009
2024-12-17,633,1350,13,0.4688888888888889,60.14234875444839,,,,1996
2024-12-18,515,1464,16,0.351775956284153,55.13733468972533,,,,1995
2024-12-19,741,1246,12,0.5947030497592295,52.947154471544714,,,,1999
2024-12-20,279,1712,8,0.16296728971962618,42.47967479674797,,,,1999
2024-12-23,681,1324,12,0.5143504531722054,40.01014198782962,,,,2017
2024-12-24,1019,967,17,1.0537745604963806,40.17267648552565,,,,2003
2024-12-26,688,1299,14,0.5296381832178599,38.77032520325203,,,,2001
2024-12-27,949,1036,17,0.916023166023166,39.969527679024885,,,,2002
2024-12-30,586,1420,14,0.4126760563380282,36.56186612576065,,,,2020
2024-12-31,1286,711,13,1.808720112517581,40.51724137931034,,,,2010
2025-01-01,1457,540,19,2.698148148148148,47.136340598074,,,,2016
2025-01-02,1246,755,15,1.6503311258278146,50.96251266464032,,,,2016
2025-01-03,1001,997,19,1.004012036108325,52.10126582278482,,,,2017
2025-01-06,158,1858,8,0.08503767491926803,33.56926188068756,,,,2024
2025-01-07,1518,480,18,3.1625,40.63765182186235,,,,2016
2025-01-08,555,1449,13,0.3830227743271222,36.45096056622851,,,,2017
2025-01-09,444,1553,17,0.2858982614294913,31.91704602933738,,,,2014
2025-01-10,215,1793,6,0.11991076408254323,23.356926188068755,,,,2014
2025-01-13,102,1919,5,0.053152683689421575,13.874873864783046,,,,2026
2025-01-14,1591,417,6,3.815347721822542,16.73407482305359,,,,2014
2025-01-15,1041,965,11,1.078756476683938,17.82828282828283,,,,2017
2025-01-16,1529,478,11,3.198744769874477,20.898536092882384,,,,2018
2025-01-17,1009,992,15,1.0171370967741935,22.789287518948964,,,,2016
2025-01-20,1312,699,19,1.8769670958512161,26.80100755667506,,,,2030
2025-01-21,374,1633,14,0.2290263319044703,21.908127208480565,,,,2021
2025-01-22,400,1615,6,0.2476780185758514,17.56688541140838,,,,2021
2025-01-23,1095,904,20,1.211283185840708,19.28319030792529,,,,2019
2025-01-24,296,1712,13,0.17289719626168223,14.962216624685137,,,,2021
2025-01-27,147,1880,8,0.07819148936170213,8.425275827482448,,,,2035
2025-01-28,548,1468,8,0.37329700272479566,7.4371859296482405,,,,2024
2025-01-29,1700,312,11,5.448717948717949,10.35175879396985,,,,2023
2025-01-30,1055,961,9,1.097814776274714,11.602209944751381,,,,2025
2025-01-31,1513,498,11,3.038152610441767,13.976872800402212,,,,2022
2025-02-01,1029,979,15,1.0510725229826354,15.241448692152918,,,,2023
2025-02-03,456,1571,9,0.29026098026734565,13.326653306613226,,,,2036
2025-02-04,1377,630,19,2.1857142857142855,14.60843373493976,,,,2026
2025-02-05,1405,607,15,2.314662273476112,17.570281124497992,,,,2027
2025-02-06,932,1085,11,0.8589861751152074,18.655967903711137,,,,2028
2025-02-07,632,1387,10,0.4556596971881759,17.853560682046137,,,,2029
2025-02-10,278,1756,10,0.15831435079726652,12.8,,,,2044
2025-02-11,112,1919,4,0.0583637311099531,8.71743486973948,,,,2035
2025-02-12,757,1262,11,0.5998415213946118,8.383534136546185,,,,2030
2025-02-13,877,1145,10,0.765938864628821,8.71743486973948,,,,2032
2025-02-14,183,1845,3,0.0991869918699187,5.31062124248497,,,,2031
2025-02-17,615,1415,14,0.43462897526501765,5.097451274362818,,,,2044
2025-02-18,399,1626,5,0.24538745387453875,4.568273092369478,,,,2030
2025-02-19,1600,424,9,3.7735849056603774,6.012024048096192,,,,2033
2025-02-20,1505,520,9,2.894230769230769,7.665330661322645,,,,2034
2025-02-21,731,1293,13,0.5653518948182521,7.903951975987994,,,,2037
2025-02-24,468,1566,12,0.2988505747126437,6.246876561719141,,,,2046
2025-02-25,739,1281,17,0.5768930523028883,7.3,,,,2037
2025-02-27,332,1695,12,0.1958702064896755,6.193806193806194,,,,2039
2025-02-28,248,1784,6,0.13901345291479822,4.593110334498253,,,,2038
2025-03-03,549,1487,13,0.3691997310020175,4.3326693227091635,,,,2049
2025-03-04,1234,791,18,1.5600505689001265,5.087281795511222,,,,2043
2025-03-05,1820,213,13,8.544600938967136,7.217521154803384,,,,2046
2025-03-06,1651,387,6,4.2661498708010335,10.382513661202186,,,,2044
2025-03-07,1331,695,19,1.9151079136690647,12.295488349033217,,,,2045
2025-03-10,334,1705,9,0.19589442815249267,9.955423476968797,,,,2048
2025-03-11,597,1430,16,0.41748251748251747,10.114030738720873,,,,2043
2025-03-12,630,1406,7,0.4480796586059744,9.965294992563214,,,,2043
2025-03-13,597,1430,14,0.41748251748251747,9.67741935483871,,,,2041
2025-03-17,691,1351,9,0.5114729829755736,10.044532409698169,,,,2051
2025-03-18,1680,353,13,4.759206798866855,13.26076199901039,,,,2046
2025-03-19,1716,316,13,5.430379746835443,19.306930693069308,,,,2045
2025-03-20,1197,835,14,1.4335329341317364,23.01980198019802,,,,2046
2025-03-21,1545,484,18,3.1921487603305785,28.995546759030184,,,,2047
2025-03-24,1325,713,14,1.8583450210378682,35.24468610973801,,,,2052
2025-03-25,358,1681,8,0.21296847114812612,29.242949035131122,,,,2047
2025-03-26,326,1719,4,0.18964514252472367,24.802371541501977,,,,2049
2025-03-27,957,1087,4,0.8804047838086476,26.248146317350468,,,,2048
2025-03-28,675,1362,12,0.4955947136563877,26.653504442250743,,,,2049
2025-04-01,1442,603,9,2.3913764510779436,29.536489151873766,,,,2054
2025-04-02,1480,548,21,2.7007299270072993,35.076467686235816,,,,2049
2025-04-03,1511,524,13,2.883587786259542,41.58855451406019,,,,2048
2025-04-04,276,1761,11,0.1567291311754685,30.57199211045365,,,,2048
2025-04-07,105,1937,7,0.05420753742901394,16.37888505180069,,,,2049
2025-04-08,1766,277,6,6.375451263537906,25.8128078817734,,,,2049
2025-04-09,611,1412,23,0.43271954674220964,23.088307844104587,,,,2046
2025-04-11,1736,295,19,5.884745762711864,32.03740157480315,,,,2050
2025-04-15,1859,183,13,10.158469945355192,46.18789965568126,,,,2055
2025-04-16,1442,595,14,2.4235294117647057,53.56615838662076,,,,2051
2025-04-17,1235,793,22,1.5573770491803278,58.562992125984245,,,,2050
2025-04-21,1602,446,10,3.591928251121076,67.42014742014743,,,,2058
2025-04-22,1257,777,17,1.6177606177606179,72.50368912936547,,,,2051
2025-04-23,988,1048,15,0.9427480916030534,74.61878996556813,,,,2051
2025-04-24,951,1083,16,0.8781163434903048,76.09444171175602,,,,2050
2025-04-25,183,1863,4,0.09822866344605476,62.47544204322201,,,,2050
2025-04-28,972,1068,18,0.9101123595505618,63.1063204311612,,,,2058
2025-04-29,884,1150,16,0.768695652173913,63.01571709233792,,,,2050
2025-04-30,345,1691,14,0.2040212891780012,54.27308447937131,,,,2050
2025-05-02,810,1221,18,0.6633906633906634,52.90068829891838,,,,2049
2025-05-05,1458,575,24,2.5356521739130433,60.80352768250857,,,,2057
2025-05-06,230,1815,6,0.12672176308539945,44.87493869543894,,,,2051
2025-05-07,1248,784,17,1.5918367346938775,48.82121807465619,,,,2049
2025-05-08,577,1453,19,0.3971094287680661,43.34806087383407,,,,2049
2025-05-09,623,1412,14,0.4412181303116147,39.175257731958766,,,,2049
2025-05-12,1959,95,4,20.621052631578948,67.77506112469437,,,,2058
2025-05-13,1445,590,14,2.4491525423728815,73.33333333333333,,,,2049
2025-05-14,1592,438,19,3.634703196347032,79.62781586679726,,,,2049
2025-05-15,1435,597,17,2.403685092127303,83.04752572268495,,,,2049
2025-05-16,1383,651,15,2.1244239631336406,85.88926996570308,,,,2049
2025-05-19,1308,731,19,1.7893296853625171,87.3900293255132,,,,2058
2025-05-20,532,1506,10,0.35325365205843295,83.48039215686275,,,,2048
2025-05-21,1214,813,21,1.4932349323493235,83.72549019607844,,,,2048
2025-05-22,878,1161,12,0.756244616709733,82.32125367286973,30.87923728813559,,,2051
2025-05-23,1221,806,20,1.5148883374689825,83.12898479646886,32.94675803900896,,,2047
2025-05-26,1178,857,25,1.3745624270711785,83.0972154372252,34.192530247238295,,,2060
2025-05-27,972,1058,19,0.9187145557655955,82.31259186673199,34.329140461215935,,,2049
2025-05-28,1005,1024,21,0.9814453125,80.89171974522293,34.170591313448455,,,2050
2025-05-29,1000,1033,18,0.968054211035818,79.81381675649192,35.64718162839248,,,2051
2025-05-30,861,1176,16,0.7321428571428571,78.06072477962782,34.51511991657977,,,2053
2025-06-02,1043,999,18,1.044044044044044,77.0772238514174,35.278791036998435,,,2060
2025-06-03,782,1256,20,0.6226114649681529,76.13691931540343,35.520833333333336,,,2058
2025-06-04,1076,960,21,1.1208333333333333,75.78277886497065,36.160249739854315,,,2057
2025-06-05,1118,912,29,1.2258771929824561,76.5281173594132,37.753510140405616,,,2059
2025-06-06,1079,958,22,1.1263048016701462,78.1524926686217,39.24116424116424,,,2059
2025-06-09,1475,565,24,2.6106194690265485,82.46213971665853,42.656979761286976,,,2064
2025-06-10,1100,940,19,1.1702127659574468,82.89345063538612,43.64296834457706,,,2059
2025-06-11,1109,936,15,1.1848290598290598,84.02540302882267,45.30358069538142,,,2060
2025-06-12,449,1597,13,0.28115216030056356,80.29339853300733,41.6926272066459,,,2059
2025-06-13,604,1441,13,0.41915336571825124,77.00587084148728,39.80280228334198,,,2058
2025-06-16,960,1080,28,0.8888888888888888,75.69546120058565,41.58467115484205,,,2068
2025-06-17,603,1445,12,0.41730103806228375,71.63814180929096,39.62752198654941,,,2060
2025-06-18,663,1374,23,0.48253275109170307,70.4645476772616,37.900723888314374,,,2060
2025-06-19,279,1778,3,0.15691788526434194,58.6105675146771,33.040330920372284,,,2060
2025-06-20,1382,659,22,2.0971168437025796,62.00488997555013,34.899328859060404,,,2063
2025-06-23,929,1122,23,0.8279857397504456,60.18518518518518,35.824742268041234,,,2074
2025-06-24,1452,593,19,2.448566610455312,64.9877750611247,38.24742268041237,,,2064
2025-06-25,1602,449,13,3.5679287305122496,71.44254278728607,42.143225141679544,,,2064
2025-06-26,978,1058,29,0.9243856332703214,70.80684596577017,42.89392378990731,,,2065
2025-06-27,1105,936,24,1.1805555555555556,72.25207620908647,43.775720164609055,,,2065
2025-06-30,1219,835,21,1.459880239520958,74.09931840311587,46.557040082219935,,,2075
2025-07-01,964,1075,27,0.8967441860465116,73.54807223035628,46.84129429892142,,,2066
2025-07-02,777,1274,17,0.6098901098901099,72.54518808011724,46.35149023638232,,,2068
2025-07-03,997,1056,21,0.9441287878787878,73.1088335773548,47.15238583889174,,,2074
2025-07-04,1074,980,21,1.0959183673469388,73.98731088335774,47.97747055811572,,,2075
2025-07-07,757,1305,21,0.5800766283524904,72.20058422590068,46.95652173913044,,,2083
2025-07-08,868,1180,26,0.735593220338983,70.52220595412396,47.16112531969309,,,2074
2025-07-09,1019,1033,20,0.9864472410454985,71.728515625,48.23529411764706,,,2072
2025-07-10,948,1098,26,0.8633879781420765,70.93307278944798,48.89912954429084,,,2072
2025-07-11,608,1446,21,0.42047026279391425,65.59297218155197,47.51918158567775,,,2075
2025-07-14,939,1133,15,0.8287731685789939,62.9683698296837,47.26901480347116,,,2087
2025-07-15,1386,674,17,2.056379821958457,68.13079551000489,50.10214504596527,,,2077
2025-07-16,1199,862,18,1.3909512761020881,70.16089712335446,51.88775510204081,,,2079
2025-07-17,1006,1050,23,0.9580952380952381,69.13700633837152,53.646098929117805,,,2079
2025-07-18,680,1377,22,0.49382716049382713,64.04878048780488,51.630988786952095,,,2079
2025-07-21,888,1186,16,0.7487352445193929,61.205639280505586,51.91228964813871,,,2090
2025-07-22,805,1252,24,0.6429712460063898,57.70731707317073,51.502801833927656,,,2081
2025-07-23,913,1151,17,0.7932232841007819,56.857003416300635,51.400916963830866,,,2081
2025-07-24,721,1340,21,0.5380597014925373,54.29268292682927,51.14503816793893,,,2082
2025-07-25,315,1758,9,0.17918088737201365,43.46341463414634,45.903307888040715,,,2082
2025-07-28,446,1630,17,0.27361963190184047,37.51214771622935,41.86991869918699,,,2093
2025-07-29,1375,692,15,1.9869942196531791,40.92682926829268,44.404883011190236,,,2082
2025-07-30,1015,1044,21,0.9722222222222222,42.041015625,44.75560081466395,,,2080
2025-07-31,660,1405,18,0.4697508896797153,38.16495851634944,43.409669211195926,,,2083
2025-08-01,468,1609,12,0.290863890615289,33.02484169508037,39.705134722928314,,,2089
2025-08-04,1188,881,26,1.348467650397276,34.045653229723165,41.3109756097561,21.0,26.0,2095
2025-08-05,750,1319,19,0.5686125852918877,32.03505355404089,40.82358922216574,26.0,24.0,2088
2025-08-06,486,1593,13,0.3050847457627119,28.633932912007776,38.49669883189436,16.0,44.0,2092
2025-08-07,848,1230,16,0.6894308943089431,27.904715605250363,38.039614017267645,18.0,58.0,2094
2025-08-08,613,1461,20,0.4195756331279945,23.8465274405051,35.482233502538065,19.0,42.0,2094
2025-08-11,1070,1006,23,1.0636182902584492,25.47215496368039,35.88443993917891,20.0,51.0,2099
2025-08-12,1019,1045,29,0.9751196172248804,25.52159146045609,37.2210953346856,19.0,32.0,2093
2025-08-13,1117,959,17,1.164754953076121,27.621359223300974,38.00101471334348,29.0,40.0,2093
2025-08-14,686,1389,20,0.49388048956083513,25.90975254730713,36.55696202531646,25.0,45.0,2095
2025-08-18,1372,707,24,1.9405940594059405,30.251694094869315,38.15789473684211,46.0,29.0,2103
2025-08-19,1435,641,21,2.2386895475819033,33.47889374090248,40.31360647445625,36.0,16.0,2097
2025-08-20,1179,891,29,1.3232323232323233,34.9006301502666,41.679312089023774,44.0,6.0,2099
2025-08-21,975,1105,19,0.8823529411764706,35.43383422200679,42.40890688259109,43.0,7.0,2099
2025-08-22,757,1324,19,0.5717522658610272,33.62403100775194,41.25379170879677,41.0,9.0,2100
2025-08-25,893,1202,13,0.742928452579035,33.47826086956522,41.99090449722082,37.0,9.0,2108
2025-08-26,361,1730,9,0.20867052023121388,27.56782945736434,37.99898938858009,16.0,33.0,2100
2025-08-28,578,1502,23,0.3848202396804261,23.788759689922482,35.62405255179383,17.0,46.0,2103
2025-08-29,855,1229,19,0.6956875508543532,24.309927360774818,35.591506572295245,14.0,45.0,2103
2025-09-01,1475,619,20,2.382875605815832,28.302796528447445,38.56638061585058,25.0,23.0,2114
2025-09-02,1332,757,16,1.7595772787318362,31.36781053649106,40.16145307769929,30.0,14.0,2105
2025-09-03,1382,701,22,1.971469329529244,35.18608023199613,42.77078085642317,40.0,11.0,2105
2025-09-04,667,1425,15,0.46807017543859647,33.14009661835749,41.398390342052316,52.0,8.0,2107
2025-09-05,998,1094,17,0.9122486288848263,34.07443209279845,41.67086059386009,37.0,13.0,2109
2025-09-08,1114,985,20,1.1309644670050762,35.21194605009634,42.23227752639517,55.0,9.0,2119
2025-09-09,927,1169,13,0.7929854576561164,36.02514506769826,42.55533199195171,46.0,15.0,2109
2025-09-10,1251,836,24,1.4964114832535884,40.00965250965251,44.42211055276382,23.0,2.0,2111
2025-09-11,985,1090,36,0.9036697247706422,40.433734939759034,44.9748743718593,21.0,6.0,2111
2025-09-12,933,1145,31,0.8148471615720524,41.445783132530124,45.7286432160804,35.0,6.0,2109
2025-09-15,1196,906,18,1.3200883002207506,43.99615754082613,46.943887775551104,39.0,6.0,2120
2025-09-16,1274,813,23,1.5670356703567037,48.11957569913211,49.12192674360261,43.0,3.0,2110
2025-09-17,1169,921,21,1.269272529858849,51.614457831325296,50.72681704260652,37.0,3.0,2111
2025-09-18,946,1141,26,0.8290972830850132,53.46820809248555,51.127819548872175,39.0,6.0,2113
2025-09-19,1017,1070,26,0.9504672897196261,54.52793834296724,51.70511534603811,36.0,13.0,2113
2025-09-22,703,1407,15,0.4996446339729922,49.83229516051749,49.8998998998999,42.0,18.0,2125
2025-09-23,775,1321,18,0.5866767600302801,48.58104858104858,49.774436090225564,43.0,17.0,2114
2025-09-24,592,1504,19,0.39361702127659576,45.06974506974507,47.394789579158314,45.0,23.0,2115
2025-09-25,539,1560,16,0.3455128205128205,40.95283926852743,45.54108216432866,24.0,37.0,2115
2025-09-26,261,1842,12,0.14169381107491857,30.702598652550527,40.981963927855716,20.0,77.0,2115
2025-09-29,840,1272,19,0.660377358490566,30.28708133971292,39.73013493253374,24.0,60.0,2131
2025-09-30,980,1125,17,0.8711111111111111,30.25936599423631,40.090090090090094,25.0,47.0,2122
2025-10-01,1536,576,16,2.6666666666666665,36.917906865098416,43.615423134702056,28.0,30.0,2128
2025-10-03,1451,665,18,2.181954887218045,41.74664107485604,45.845845845845844,40.0,15.0,2134
2025-10-06,792,1332,17,0.5945945945945946,41.483253588516746,45.17741129435283,45.0,25.0,2141
2025-10-07,819,1306,12,0.6271056661562021,40.83493282149712,45.47726136931534,37.0,42.0,2137
2025-10-08,750,1368,19,0.5482456140350878,39.52929875120077,45.45,31.0,43.0,2137
2025-10-09,975,1149,16,0.8485639686684073,40.614498319731155,45.63155267099351,26.0,44.0,2140
2025-10-10,1300,820,17,1.5853658536585367,43.186180422264876,46.58012980529207,32.0,21.0,2137
2025-10-13,588,1544,17,0.38082901554404147,40.30563514804202,44.44444444444444,22.0,34.0,2149
2025-10-14,470,1662,9,0.28279181708784595,34.211787254432195,42.8428927680798,25.0,67.0,2141
2025-10-15,1338,792,13,1.6893939393939394,37.661715380929564,43.51069119840875,30.0,52.0,2143
2025-10-16,1239,885,18,1.4,39.84674329501915,45.5765407554672,37.0,27.0,2142
2025-10-17,631,1497,15,0.42150968603874417,37.194830062230736,44.08548707753479,34.0,43.0,2143
2025-10-20,1221,912,23,1.3388157894736843,39.685564554549785,44.918195339613284,43.0,50.0,2156
2025-10-21,1715,409,20,4.193154034229829,43.896601244614644,47.514910536779325,40.0,20.0,2144
2025-10-23,873,1259,14,0.69340746624305,44.14155906264945,47.81529294935452,55.0,7.0,2146
2025-10-24,801,1317,28,0.6082004555808656,41.82600382409178,47.715988083416086,32.0,9.0,2146
2025-10-27,1006,1134,18,0.8871252204585538,41.980009519276535,48.489351163942544,51.0,18.0,2158
2025-10-28,912,1216,19,0.75,41.54727793696275,48.11507936507937,49.0,21.0,2147
2025-10-29,1315,805,22,1.6335403726708075,45.57204404021063,50.223769269020394,52.0,22.0,2142
2025-10-30,848,1270,24,0.6677165354330709,45.02392344497608,49.77623073097961,41.0,18.0,2142
2025-10-31,721,1395,26,0.5168458781362008,42.20841300191205,49.10536779324055,46.0,25.0,2142
2025-11-03,1157,975,25,1.1866666666666668,44.37054631828979,50.024740227610096,64.0,28.0,2157
2025-11-04,648,1481,17,0.437542201215395,40.17175572519084,47.99206742687159,40.0,38.0,2146
2025-11-06,378,1755,11,0.2153846153846154,32.56924546322827,43.105158730158735,32.0,87.0,2144
2025-11-07,1037,1091,18,0.9505041246562786,32.30109575988566,43.23922734026746,32.0,106.0,2146
2025-11-10,859,1278,24,0.6721439749608764,31.880625296068217,42.69496544916091,46.0,93.0,2161
2025-11-11,939,1188,22,0.7904040404040404,31.571428571428573,42.07920792079208,28.0,99.0,2149
2025-11-12,1310,827,11,1.5840386940749698,33.44449737970462,44.23552696684809,43.0,43.0,2148
2025-11-13,793,1332,25,0.5953453453453453,32.87279656979514,43.224530168150345,41.0,52.0,2150
2025-11-14,946,1186,20,0.7976391231028668,31.841980009519276,43.40088976767177,31.0,62.0,2152
2025-11-17,1067,1088,12,0.9806985294117647,33.522458628841605,44.230769230769226,56.0,74.0,2167
2025-11-18,577,1566,11,0.36845466155810985,30.783847980997624,41.720217498764214,33.0,81.0,2154
2025-11-19,800,1337,19,0.5983545250560958,30.49881235154394,41.08641975308642,38.0,87.0,2156
2025-11-20,852,1278,27,0.6666666666666666,29.914529914529915,40.49382716049383,36.0,83.0,2157
2025-11-21,439,1695,22,0.25899705014749264,25.380228136882128,37.864557587740975,17.0,116.0,2156
2025-11-24,471,1685,13,0.2795252225519288,22.61116367076632,34.63246176615688,22.0,188.0,2169
2025-11-25,1095,1052,13,1.040874524714829,23.160892263882296,35.29121421520237,20.0,144.0,2160
2025-11-26,1605,541,14,2.966728280961183,26.86283815851922,38.135175135668476,31.0,52.0,2160
2025-11-27,903,1241,17,0.7276390008058018,26.47058823529412,38.26429980276134,28.0,40.0,2161
2025-11-28,912,1221,28,0.7469287469287469,27.061611374407583,37.45687530803352,21.0,58.0,2161
2025-12-01,829,1324,23,0.6261329305135952,26.895902025435703,37.162493863524794,40.0,82.0,2176
2025-12-02,657,1487,23,0.4418291862811029,25.08282063416943,36.56496062992126,26.0,107.0,2167
2025-12-03,582,1561,24,0.37283792440743113,22.905821107430192,35.039370078740156,14.0,136.0,2167
2025-12-04,842,1296,30,0.6496913580246914,23.226111636707664,34.69488188976378,11.0,127.0,2168
2025-12-05,736,1419,12,0.5186751233262861,22.94228949858089,33.825701624815366,14.0,161.0,2167
2025-12-08,250,1917,11,0.13041210224308816,17.129411764705882,29.230014713094654,17.0,287.0,2178
2025-12-09,1505,652,13,2.308282208588957,19.424799622819425,31.599607458292446,10.0,297.0,2170
2025-12-10,866,1271,33,0.6813532651455547,18.511540273198303,30.814524043179585,12.0,38.0,2170
2025-12-11,1286,864,24,1.4884259259259258,21.334586466165415,31.470588235294116,16.0,60.0,2174
2025-12-12,1353,790,29,1.7126582278481013,22.827618600281824,32.794117647058826,23.0,30.0,2172
2025-12-15,1118,1043,19,1.071907957813998,23.199251637043965,33.219010289073985,27.0,45.0,2180
2025-12-16,662,1493,20,0.4434025452109846,22.118088097469542,32.288094071533564,14.0,55.0,2175
2025-12-17,572,1582,22,0.3615676359039191,20.346117867165574,31.277533039647576,13.0,97.0,2176
2025-12-18,754,1402,20,0.5378031383737518,19.13002806361085,30.034296913277803,19.0,147.0,2176
2025-12-19,1557,601,19,2.590682196339434,22.217025257249766,32.370225269343784,23.0,72.0,2177
2025-12-22,1540,623,26,2.4719101123595504,26.35009310986965,33.9041095890411,39.0,25.0,2189
2025-12-23,1216,936,28,1.2991452991452992,29.00513778608127,34.62291870714985,30.0,18.0,2180
2025-12-24,817,1341,24,0.6092468307233407,28.651423238450768,34.084231145935355,38.0,30.0,2182
2025-12-26,742,1413,27,0.5251238499646143,27.472014925373134,33.496571988246814,27.0,41.0,2182
2025-12-29,621,1561,10,0.39782190903267134,25.614849187935036,32.02933985330073,24.0,80.0,2192
2025-12-30,876,1289,15,0.6795965865011637,25.314685314685313,31.210191082802545,27.0,96.0,2180
2025-12-31,1575,585,22,2.6923076923076925,29.07735321528425,33.202742409402546,39.0,41.0,2182
2026-01-01,1039,1127,18,0.9219165927240461,30.121042830540034,33.46398824105831,39.0,29.0,2184
2026-01-02,1528,640,14,2.3875,34.83931066604565,35.47280744732974,63.0,22.0,2182
2026-01-05,728,1453,12,0.5010323468685478,35.18776077885953,34.55522971652004,70.0,41.0,2193
2026-01-06,687,1477,20,0.4651320243737305,32.93023255813953,33.74142997061704,56.0,54.0,2184
2026-01-07,1090,1064,31,1.0244360902255638,34.55813953488372,34.2143906020558,50.0,54.0,2185
2026-01-08,289,1883,11,0.1534784917684546,27.141527001862197,29.431929480901076,23.0,95.0,2183
2026-01-09,310,1856,17,0.16702586206896552,20.62383612662942,26.88540646425073,9.0,206.0,2183
2026-01-12,655,1526,14,0.4292267365661861,19.100602688919796,25.549584758182707,9.0,310.0,2195
2026-01-13,1027,1134,26,0.9056437389770723,20.641562064156208,26.050830889540567,14.0,113.0,2187
2026-01-14,1004,1163,19,0.8632846087704213,22.6046511627907,26.3080684596577,19.0,119.0,2186
2026-01-16,823,1351,12,0.609178386380459,21.431892143189216,25.17106549364614,24.0,142.0,2186
2026-01-19,454,1724,17,0.2633410672853828,19.02777777777778,23.6328125,23.0,275.0,2195
2026-01-20,184,1999,5,0.09204602301150576,11.97215777262181,19.247679531021006,8.0,459.0,2188
2026-01-21,606,1570,13,0.38598726114649684,10.812064965197216,17.92867611138251,5.0,546.0,2189
2026-01-22,1681,496,11,3.3891129032258065,13.828306264501162,19.59921798631476,16.0,106.0,2188
2026-01-23,421,1754,14,0.24002280501710377,10.802039870190079,17.724609375,16.0,254.0,2189
2026-01-27,877,1305,16,0.6720306513409962,11.911357340720222,17.423133235724745,18.0,410.0,2198
2026-01-28,1711,464,14,3.6875,15.933302454840204,19.443087445041524,24.0,103.0,2189
2026-01-29,802,1370,19,0.5854014598540146,16.096207215541167,19.91215226939971,35.0,142.0,2191
2026-01-30,1367,799,24,1.7108886107634542,19.148936170212767,21.19140625,18.0,137.0,2190
2026-02-01,730,1450,14,0.503448275862069,14.965357967667437,18.740849194729137,13.0,124.0,2194
2026-02-02,959,1225,15,0.7828571428571428,16.129032258064516,19.453924914675767,5.0,202.0,2199
2026-02-03,1879,304,12,6.180921052631579,27.16789667896679,23.830409356725145,35.0,36.0,2195
2026-02-04,1521,659,14,2.3080424886191198,33.08721735117674,25.20721599219893,23.0,28.0,2194
2026-02-05,723,1454,17,0.4972489683631362,31.088560885608857,24.59814905017048,18.0,33.0,2194
2026-02-06,866,1316,12,0.6580547112462006,31.212540341171046,24.366471734892787,15.0,47.0,2194
2026-02-09,1759,428,13,4.109813084112149,43.106617647058826,28.140214216163585,39.0,28.0,2200
2026-02-10,1307,865,18,1.5109826589595377,47.69372693726937,28.829268292682926,46.0,9.0,2190
2026-02-11,859,1318,16,0.6517450682852808,46.56840165822202,28.947368421052634,42.0,22.0,2193
2026-02-12,683,1492,20,0.45777479892761397,42.19972388403129,27.423283000487093,44.0,47.0,2195
2026-02-13,472,1713,9,0.27553998832457677,35.957642725598525,24.951267056530213,21.0,91.0,2194
2026-02-16,821,1361,20,0.6032329169728141,33.1651376146789,24.7809152872444,25.0,100.0,2202
2026-02-17,1406,771,21,1.8236057068741893,36.56853725850966,25.53606237816764,35.0,48.0,2198
2026-02-18,1144,1032,24,1.1085271317829457,38.242061665899676,26.31578947368421,35.0,35.0,2200
2026-02-19,410,1775,17,0.23098591549295774,32.79742765273312,23.28300048709206,33.0,72.0,2202
2026-02-20,922,1261,22,0.7311657414750198,32.44607618173474,23.515092502434275,24.0,100.0,2205
2026-02-23,916,1281,17,0.7150663544106167,32.6007326007326,23.990267639902676,44.0,103.0,2214
2026-02-24,554,1640,9,0.3378048780487805,28.938906752411576,22.146341463414636,27.0,201.0,2203
2026-02-25,1054,1126,25,0.9360568383658969,30.380908673703534,23.294346978557503,45.0,170.0,2205
2026-02-26,1161,1031,16,1.1260911736178467,31.57653528872594,23.331709693132,38.0,116.0,2208
2026-02-27,684,1494,28,0.4578313253012048,28.15222375057313,21.53996101364522,32.0,175.0,2206
2026-03-02,252,1960,5,0.12857142857142856,22.13601095390233,18.34549878345499,12.0,460.0,2217
2026-03-04,345,1857,10,0.18578352180936994,17.665903890160184,16.512420847540184,6.0,428.0,2212
2026-03-05,1497,698,17,2.144699140401146,20.054945054945055,17.97369702873843,14.0,209.0,2212
2026-03-06,849,1348,18,0.6298219584569733,19.54233409610984,17.202729044834307,16.0,123.0,2215
2026-03-09,302,1907,14,0.15836392239119035,15.60931081697855,15.18987341772152,4.0,556.0,2223
2026-03-10,1814,391,13,4.639386189258312,20.128087831655993,16.853385289819776,13.0,94.0,2218
2026-03-11,892,1297,27,0.6877409406322282,19.807868252516013,16.764132553606238,17.0,75.0,2216
2026-03-12,778,1422,14,0.5471167369901547,19.147961520842877,16.528522671867382,15.0,203.0,2214
2026-03-13,247,1963,7,0.12582781456953643,13.690476190476192,13.88888888888889,9.0,335.0,2217
2026-03-16,684,1533,12,0.4461839530332681,12.631098951208392,13.79980563654033,4.0,551.0,2229
2026-03-17,1264,937,18,1.3489861259338314,14.050343249427918,14.313534566699124,9.0,224.0,2219
2026-03-18,1879,330,11,5.693939393939394,18.609967992684044,16.334467671366067,6.0,69.0,2220
2026-03-19,219,1989,12,0.11010558069381599,14.037494284407865,13.702623906705538,4.0,197.0,2220
2026-03-20,1279,917,25,1.3947655398037078,16.514181152790485,14.473045167557066,9.0,154.0,2221
2026-03-23,108,2115,7,0.05106382978723404,10.118505013673655,10.572259941804074,2.0,693.0,2230
2026-03-24,1744,464,14,3.7586206896551726,13.305898491083676,12.287518212724624,4.0,285.0,2222
2026-03-25,1719,484,21,3.5516528925619837,16.681901279707496,14.077669902912621,9.0,82.0,2224
2026-03-27,256,1963,5,0.130412633723892,12.888482632541134,12.37864077669903,5.0,520.0,2224
2026-03-30,248,1978,10,0.12537917087967643,11.161731207289293,11.138014527845035,3.0,876.0,2236
2026-04-01,2087,140,1,14.907142857142857,15.996343692870202,13.44007763221737,11.0,43.0,2228
2026-04-02,1459,753,17,1.9375830013280213,17.95340338053906,13.294517224648228,6.0,63.0,2229
2026-04-06,1744,490,6,3.559183673469388,22.394173873463814,14.382566585956416,10.0,18.0,2240
2026-04-07,1370,854,13,1.604215456674473,26.094890510948904,15.269025690741639,11.0,9.0,2237
2026-04-08,2058,173,5,11.895953757225433,45.64125969876768,19.73811833171678,29.0,5.0,2236
2026-04-09,1028,1191,17,0.8631402183039463,46.50844363304427,19.864341085271317,27.0,2.0,2236
2026-04-10,1877,340,16,5.520588235294118,59.954337899543376,22.879301987396993,32.0,2.0,2233
2026-04-13,837,1387,21,0.6034607065609229,56.96087352138307,22.61962300628323,36.0,5.0,2245
2026-04-15,1992,237,7,8.405063291139241,72.889091738932,26.973365617433416,57.0,1.0,2236
2026-04-16,1446,771,19,1.8754863813229572,76.81424007302601,29.18683446272991,61.0,1.0,2236
2026-04-17,1657,560,18,2.9589285714285714,81.27853881278538,31.428571428571427,72.0,1.0,2235
2026-04-20,747,1484,14,0.5033692722371967,77.78789258079199,30.5461575640406,67.0,0.0,2245
2026-04-21,1388,920,26,1.508695652173913,80.42883211678831,31.978713110788583,61.0,1.0,2334
2026-04-22,1410,898,28,1.5701559020044544,82.01734367868553,33.47826086956522,57.0,3.0,2336
2026-04-23,848,1470,21,0.5768707482993197,79.47080291970804,33.17261330761813,50.0,3.0,2339
2026-04-24,475,1841,20,0.25801195002715915,73.51598173515981,30.906460945033754,42.0,6.0,2336
2026-04-27,1843,484,21,3.8078512396694215,80.85493406093678,34.05483405483405,64.0,4.0,2348
2026-04-28,988,1319,33,0.7490523123578469,79.83576642335767,34.76374156219865,69.0,5.0,2340
2026-04-29,1052,1268,19,0.8296529968454258,80.56569343065694,35.00482160077146,70.0,3.0,2339
2026-04-30,808,1511,18,0.5347452018530774,79.00502053856687,34.024096385542165,38.0,6.0,2337
2026-05-04,1474,855,20,1.7239766081871346,81.21597096188748,36.47284959154253,80.0,5.0,2349
2026-05-05,1041,1284,16,0.8107476635514018,80.72727272727272,37.61423761423762,62.0,5.0,2341
2026-05-06,1736,584,21,2.9726027397260273,86.46684831970936,41.44230769230769,77.0,4.0,2341
2026-05-07,1590,722,29,2.2022160664819945,88.65183840217885,44.54064454064454,103.0,3.0,2341
2026-05-08,1005,1316,21,0.763677811550152,87.57932910244787,44.59394521864488,103.0,2.0,2342
2026-05-11,581,1754,16,0.3312428734321551,83.53686114880145,41.14258281325012,67.0,0.0,2351
2026-05-12,232,2099,9,0.11052882324916627,72.48413417951043,33.861671469740635,26.0,13.0,2340
2026-05-13,1317,998,26,1.3196392785571143,74.53556864521975,35.158501440922194,26.0,17.0,2341
2026-05-14,1071,1247,24,0.8588612670408982,73.62936112369732,36.053768602976476,42.0,13.0,2342
2026-05-15,783,1530,27,0.5117647058823529,72.05615942028986,35.093614978396545,43.0,9.0,2340
2026-05-18,533,1801,15,0.29594669627984455,63.64456472710871,31.33684714901773,25.0,26.0,2349
2026-05-19,1534,783,24,1.959131545338442,67.72151898734177,33.84541526644263,33.0,9.0,2341
2026-05-20,1156,1154,30,1.001733102253033,68.11201445347787,33.829174664107484,39.0,12.0,2340
2026-05-21,1348,968,22,1.3925619834710743,69.28991406603346,35.70398846708313,64.0,7.0,2338
2026-05-22,1144,1165,31,0.9819742489270387,69.90072202166066,35.858101629913705,55.0,10.0,2340
2026-05-25,1609,719,24,2.2378303198887344,74.58389563652722,38.83309421329507,72.0,9.0,2352
2026-05-26,1126,1195,24,0.9422594142259414,74.21100090171325,39.894636015325666,69.0,5.0,2345
2026-05-27,1234,1093,18,1.1290027447392497,74.58314556106355,40.776233828461905,84.0,10.0,2345
2026-05-29,725,1605,16,0.4517133956386293,69.41441441441441,38.85167464114833,91.0,24.0,2346
2026-06-01,744,1595,15,0.4664576802507837,60.961365678346816,36.563245823389025,61.0,22.0,2354
2026-06-02,1381,930,38,1.4849462365591397,62.37623762376238,37.85202863961814,39.0,29.0,2349
2026-06-03,951,1374,23,0.6921397379912664,59.63096309630963,37.774594078319005,50.0,27.0,2348
2026-06-04,1202,1128,20,1.0656028368794326,59.73033707865169,39.474940334128874,64.0,23.0,2350
2026-06-05,1070,1251,26,0.8553157474020784,59.67596759675967,39.56043956043956,65.0,17.0,2347
2026-06-08,429,1909,13,0.22472498690413828,49.303996407723396,36.46778042959427,52.0,36.0,2351
2026-06-09,1698,627,20,2.708133971291866,53.68705035971223,39.33174224343675,44.0,23.0,2345
2026-06-10,595,1734,17,0.3431372549019608,47.01123595505618,37.786259541984734,48.0,21.0,2346
2026-06-11,571,1758,17,0.32480091012514223,41.17647058823529,35.01908396946565,24.0,43.0,2346
2026-06-12,1989,335,24,5.937313432835821,50.7181328545781,39.84747378455672,36.0,11.0,2348
2026-06-15,1745,592,17,2.947635135135135,57.90416480071653,42.93193717277487,76.0,4.0,2354
2026-06-16,1298,1036,20,1.252895752895753,59.29243170622481,44.020962363030016,54.0,7.0,2354
2026-06-17,1274,1052,26,1.2110266159695817,59.597315436241615,44.94756911344137,58.0,8.0,2352
2026-06-18,1329,996,26,1.3343373493975903,61.28021486123545,45.90865842055186,87.0,3.0,2351
2026-06-19,1197,1130,26,1.05929203539823,60.939597315436245,46.50499286733238,79.0,7.0,2353
2026-06-22,1454,875,33,1.6617142857142857,64.15178571428571,49.16864608076009,91.0,5.0,2362
2026-06-23,622,1709,20,0.3639555295494441,58.631484794275494,47.05042816365366,73.0,7.0,2351
2026-06-24,1161,1169,21,0.9931565440547476,58.720930232558146,47.76403425309229,55.0,14.0,2351
2026-06-25,724,1608,22,0.4502487562189055,54.58202950379973,46.41330166270784,55.0,10.0,2354
2026-06-29,801,1546,16,0.518111254851229,50.33437360677664,45.308056872037916,55.0,33.0,2363
2026-06-30,1325,1004,23,1.3197211155378485,51.991051454138706,46.39126305792973,82.0,28.0,2352
2026-07-01,1276,1056,23,1.2083333333333333,53.91229578675838,47.39336492890995,80.0,22.0,2355
2026-07-02,1497,840,23,1.7821428571428573,57.20411663807891,49.502605400284224,75.0,11.0,2360
2026-07-03,1140,1196,25,0.9531772575250836,58.75802997858672,49.81060606060606,91.0,6.0,2361
2026-07-06,993,1350,27,0.7355555555555555,57.368645877829984,49.90539262062441,95.0,6.0,2370
2026-07-07,776,1555,30,0.49903536977491963,55.37933990570082,48.602558029369966,59.0,6.0,2361
2026-07-08,352,1993,15,0.17661816357250376,44.73007712082262,44.02843601895734,44.0,21.0,2360
2026-07-09,1800,543,21,3.314917127071823,49.7644539614561,46.37612505921364,49.0,16.0,2364
2026-07-10,1685,655,21,2.572519083969466,55.76017130620985,48.77010406811731,72.0,8.0,2361
2026-07-13,1206,1141,25,1.0569675723049956,57.02091335894153,50.18885741265344,76.0,9.0,2372
2026-07-14,614,1727,24,0.3555298204979734,52.46041934103551,48.84270193670288,49.0,15.0,2365
2026-07-15,1202,1131,33,1.0627763041556144,54.46772124839675,49.409541804440245,53.0,13.0,2366
2026-07-16,991,1347,31,0.7357089829250185,53.60956856044425,48.985370457763096,48.0,12.0,2369
2026-07-17,761,1576,31,0.48286802030456855,51.13199487398548,48.113207547169814,21.0,26.0,2368
2026-07-20,1200,1144,23,1.048951048951049,53.1596925704526,48.65375531412376,46.0,22.0,2367
2026-07-21,1177,1162,29,1.012908777969019,53.56380708493384,49.01129943502825,56.0,18.0,2368
2026-07-22,601,1745,21,0.34441260744985674,48.97435897435897,46.7984934086629,47.0,22.0,2367
2026-07-23,718,1625,23,0.44184615384615383,45.571245186136075,46.258823529411764,31.0,24.0,2366
2026-07-24,1137,1207,28,0.9420049710024855,46.35083226632523,46.17909048288795,33.0,36.0,2372
2026-07-27,1567,785,24,1.9961783439490446,50.0639658848614,47.565543071161045,62.0,16.0,2376
2026-07-28,681,1664,28,0.4092548076923077,46.157130657557644,46.23303696771174,52.0,18.0,2373
2026-07-29,1470,867,37,1.6955017301038062,48.56898761213157,48.55004677268475,47.0,16.0,2374
2026-07-30,757,1596,20,0.4743107769423559,45.38461538461539,47.40532959326788,55.0,16.0,2373
2026-07-31,1436,918,25,1.5642701525054465,47.716602646180114,48.926237161531276,56.0,15.0,2379
2026-08-03,1705,658,23,2.5911854103343464,54.38297872340425,51.88811188811189,88.0,7.0,2386
2026-08-04,1091,1250,41,0.8728,54.23945462292288,51.9795062878435,82.0,8.0,2382
2026-08-05,1308,1046,30,1.2504780114722753,56.765957446808514,52.675663099115866,93.0,10.0,2384
2026-08-06,1090,1261,32,0.8643933386201428,55.71184995737425,52.97951582867783,88.0,13.0,2383
2026-08-07,1069,1282,38,0.8338533541341654,54.982964224872234,53.29925650557621,72.0,16.0,2389
2026-08-10,1102,1265,28,0.8711462450592885,54.375531011045034,53.3457249070632,101.0,19.0,2395
2026-08-11,964,1397,31,0.690050107372942,52.38095238095239,52.856479331165815,81.0,23.0,2392
2026-08-12,926,1439,25,0.6435024322446143,50.170212765957444,51.46443514644351,68.0,27.0,2390
2026-08-13,1165,1195,34,0.9748953974895398,49.53231292517007,52.15977705527172,71.0,24.0,2394
2026-08-14,938,1434,19,0.6541143654114365,48.78671775223499,51.486988847583646,64.0,25.0,2391
2026-08-17,1064,1314,21,0.8097412480974124,47.303609341825904,51.60241523455643,68.0,40.0,2399
2026-08-18,1106,1398,27,0.7911301859799714,46.98385726423109,50.95127610208817,84.0,31.0,2531
2026-08-19,902,1608,25,0.5609452736318408,45.55886102847429,50.34802784222738,61.0,40.0,2535
2026-08-20,1413,1085,40,1.3023041474654378,46.6184602296895,51.69530887134231,73.0,26.0,2538
2026-08-21,1250,1251,42,0.9992006394884093,48.107188430455125,52.43845796562936,59.0,16.0,2543
2026-08-24,1129,1396,25,0.8087392550143266,46.61303979678239,52.761020881670525,78.0,26.0,2550
2026-08-25,1062,1462,20,0.7264021887824897,46.20280016970725,53.32094751509522,54.0,28.0,2544
2026-08-26,1373,1140,36,1.2043859649122808,47.88135593220339,53.849721706864564,63.0,18.0,2549
2026-08-27,910,1598,36,0.5694618272841051,46.627068307170134,53.06122448979592,58.0,26.0,2544
2026-08-28,1318,1194,38,1.103852596314908,48.1120067882902,54.03151065801668,76.0,26.0,2550
2026-08-31,935,1604,17,0.5829177057356608,46.92926725963575,53.19740500463392,91.0,62.0,2556
2026-09-01,911,1610,32,0.5658385093167702,44.59516744383213,52.05923183711245,74.0,45.0,2553
2026-09-02,953,1570,32,0.6070063694267516,42.317487266553485,51.08846688281612,54.0,61.0,2555
2026-09-03,1535,987,35,1.5552178318135765,45.67430025445292,52.28848821081831,80.0,29.0,2557
2026-09-04,1351,1181,27,1.1439458086367484,47.3505722763883,53.098982423681775,84.0,25.0,2559
2026-09-07,1043,1498,28,0.6962616822429907,45.53533643673296,52.42494226327945,97.0,40.0,2569
2026-09-08,1123,1418,24,0.7919605077574048,46.043165467625904,52.19399538106235,87.0,35.0,2565
2026-09-09,941,1594,31,0.5903387703889585,44.98518831993229,51.89289012003694,73.0,59.0,2566
2026-09-10,942,1586,35,0.5939470365699874,43.39542760372566,51.27020785219399,56.0,63.0,2563
2026-09-11,947,1584,32,0.5978535353535354,41.83587140439932,51.061865189289016,39.0,86.0,2563
2026-09-15,392,2160,18,0.1814814814814815,33.459915611814345,46.35944700460829,52.0,101.0,2570
2026-09-16,1073,1462,28,0.7339261285909713,32.600422832980975,45.24907749077491,19.0,116.0,2563
2026-09-17,1671,863,28,1.936268829663963,34.589331075359866,47.395112955278925,31.0,49.0,2562
2026-09-18,1656,884,34,1.8733031674208145,38.67286559594252,49.83863531581374,64.0,44.0,2574
