date,open,high,low,close,volume
2019-07-01,3225.15,3226.6,3185.55,3218.1,0
2019-07-02,3225.2,3230.9,3182.3,3200.6,0
2019-07-03,3207.6,3263.5,3186,3255.65,0
2019-07-04,3269,3329,3268.3,3297.3,0
2019-07-05,3313.9,3348.4,3260.6,3303.35,0
2019-07-08,3263.8,3271.45,3094.3,3108.45,0
2019-07-09,3091.8,3157.95,3072.4,3151.65,0
2019-07-10,3172.5,3179.7,3099,3117.3,0
2019-07-11,3142.15,3179.3,3121.85,3170.9,0
2019-07-12,3170.2,3203.25,3148.8,3178.6,0
2019-07-15,3167.35,3170.05,3083.75,3097.35,0
2019-07-16,3087.5,3146.15,3085.35,3142.4,0
2019-07-17,3144.35,3187.55,3126.3,3177.55,0
2019-07-18,3177.5,3181.6,3070.5,3076.5,0
2019-07-19,3094.15,3100.15,3009.25,3018.1,0
2019-07-22,3016.7,3040.9,2972.95,3001.55,0
2019-07-23,3013.05,3019.5,2900.9,2908.05,0
2019-07-24,2908.95,2925,2842.75,2857.7,0
2019-07-25,2864.1,2881.45,2810.85,2831.15,0
2019-07-26,2845.35,2904.8,2830,2863.2,0
2019-07-29,2870.15,2881.6,2815.05,2848.5,0
2019-07-30,2853.9,2867.85,2701,2709.45,0
2019-07-31,2698.25,2772.6,2687.9,2756.25,0
2019-08-01,2738.35,2752.7,2639.1,2683.95,0
2019-08-02,2667.65,2718.1,2636,2655.65,0
2019-08-05,2608.25,2623.55,2519.65,2609.6,0
2019-08-06,2594.25,2659.85,2592.65,2647.05,0
2019-08-07,2666.45,2681.9,2548.95,2558.2,0
2019-08-08,2575.75,2615.35,2531.95,2602.55,0
2019-08-09,2616.05,2637.55,2574.35,2596.2,0
2019-08-13,2599.9,2616,2519.2,2526.9,0
2019-08-14,2539.1,2578.65,2523.75,2565.4,0
2019-08-16,2552.6,2616.95,2524.2,2603.6,0
2019-08-19,2611.1,2618.05,2576.65,2581.95,0
2019-08-20,2581.6,2582.6,2501.5,2521.25,0
2019-08-21,2524.75,2534.4,2431.9,2446.95,0
2019-08-22,2444.9,2445.05,2340.6,2354.7,0
2019-08-23,2349.55,2426.05,2318.45,2402.55,0
2019-08-26,2557.95,2557.95,2403.05,2488.45,0
2019-08-27,2527,2575.7,2524.75,2550.8,0
2019-08-28,2556.05,2564.75,2498.95,2517.3,0
2019-08-29,2503,2517.5,2441.95,2449.45,0
2019-08-30,2462.65,2484.75,2396.6,2474.4,0
2019-09-03,2433.35,2433.35,2340.35,2353.8,0
2019-09-04,2357.5,2386.8,2343.65,2375.7,0
2019-09-05,2389.85,2394.95,2354.05,2375.9,0
2019-09-06,2387.7,2407,2368.5,2381.3,0
2019-09-09,2378.4,2426.65,2365,2419.7,0
2019-09-11,2423.15,2502.3,2423.15,2495,0
2019-09-12,2503.6,2529.8,2489.4,2505.55,0
2019-09-13,2501.2,2520.2,2439.6,2511.8,0
2019-09-16,2487.3,2516.3,2470.65,2479.55,0
2019-09-17,2482.45,2494.6,2382.2,2388.55,0
2019-09-18,2409.65,2439.2,2385.7,2413.4,0
2019-09-19,2413.45,2414.2,2350.95,2359.15,0
2019-09-20,2364.25,2568.95,2311.55,2522.85,0
2019-09-23,2578.9,2604.05,2498.75,2583.35,0
2019-09-24,2577.4,2592.9,2511.75,2522.85,0
2019-09-25,2495.45,2497.8,2371.85,2380.8,0
2019-09-26,2390,2461.05,2376.45,2398.2,0
2019-09-27,2393.6,2416.75,2364.2,2376.35,0
2019-09-30,2380.75,2382.45,2278.9,2294.1,0
2019-10-01,2313.35,2331.4,2116.85,2207.45,0
2019-10-03,2194.35,2242.75,2176.8,2209.25,0
2019-10-04,2237.35,2247.55,2167.55,2173.7,0
2019-10-07,2179.4,2188.4,2139.6,2150.35,0
2019-10-09,2147.35,2227.3,2113.05,2217,0
2019-10-10,2197.3,2197.3,2144.65,2151.75,0
2019-10-11,2164.1,2197.75,2121.8,2166.75,0
2019-10-14,2163.2,2199.85,2148.6,2158.25,0
2019-10-15,2161.2,2175.95,2138.05,2167.4,0
2019-10-16,2175.35,2196.15,2145.95,2152.2,0
2019-10-17,2152,2221.15,2142.55,2216.85,0
2019-10-18,2213,2266.9,2202.65,2248.65,0
2019-10-22,2248.2,2312.5,2239.7,2261.05,0
2019-10-23,2263.75,2315.8,2244.7,2307.95,0
2019-10-24,2315.6,2322.6,2172.95,2225.2,0
2019-10-25,2233.6,2310.3,2223.75,2300.4,0
2019-10-27,2321.4,2325.7,2299.35,2307.05,0
2019-10-29,2300.4,2352.3,2289.8,2326.5,0
2019-10-30,2341,2422,2326.35,2413.4,0
2019-10-31,2440.85,2552.55,2437,2506.3,0
2019-11-01,2511.15,2571.85,2497.6,2542.45,0
2019-11-04,2558.75,2596.75,2544.55,2560.35,0
2019-11-05,2567.3,2604.05,2533.7,2539.1,0
2019-11-06,2536.2,2540.5,2491.25,2520.3,0
2019-11-07,2529.65,2548.4,2478.2,2484.1,0
2019-11-08,2473.05,2491.15,2432.15,2437.05,0
2019-11-11,2431.15,2475.9,2428.45,2461.05,0
2019-11-13,2458.85,2469.15,2376.5,2383.7,0
2019-11-14,2387.95,2402.7,2329.25,2379.4,0
2019-11-15,2403.65,2498.35,2398.25,2457.35,0
2019-11-18,2471.85,2506.25,2468.7,2492.45,0
2019-11-19,2493.9,2605.85,2481.55,2589.25,0
2019-11-20,2611.25,2628.75,2557.05,2572.25,0
2019-11-21,2582.35,2605.95,2559.15,2564.65,0
2019-11-22,2567.7,2587.05,2550.85,2559.65,0
2019-11-25,2562.05,2608.5,2558.5,2601.2,0
2019-11-26,2614.25,2644.6,2560.05,2579.7,0
2019-11-27,2587.65,2635.7,2576.3,2625.3,0
2019-11-28,2646.6,2725.85,2637.45,2716.95,0
2019-11-29,2719.1,2737.5,2659.5,2669.85,0
2019-12-02,2677.1,2684.7,2636.9,2646.75,0
2019-12-03,2656,2660.05,2565.75,2570.95,0
2019-12-04,2558.55,2626.85,2543.4,2621.15,0
2019-12-05,2634.05,2643.55,2566.6,2573.85,0
2019-12-06,2585.55,2592.9,2448.9,2460.85,0
2019-12-09,2459.15,2508.75,2432.6,2458.25,0
2019-12-10,2464.5,2476.7,2412.35,2418.8,0
2019-12-11,2416.45,2440.35,2384.85,2417.35,0
2019-12-12,2431.35,2480.85,2427.8,2471.2,0
2019-12-13,2490.15,2576.95,2488.95,2570.7,0
2019-12-16,2583.95,2589.5,2546.2,2555.25,0
2019-12-17,2565.55,2596.1,2558.95,2567.4,0
2019-12-18,2567.7,2569.4,2499.3,2512.85,0
2019-12-19,2510.15,2527.85,2493.15,2513.7,0
2019-12-20,2526.95,2587.2,2526.85,2570.9,0
2019-12-23,2560.55,2580.75,2520.55,2536.4,0
2019-12-24,2543.45,2554.1,2525.45,2532.45,0
2019-12-26,2538.65,2539.1,2493.45,2495.6,0
2019-12-27,2521.1,2582.4,2520,2568.45,0
2019-12-30,2569.95,2570.8,2522.3,2537.2,0
2019-12-31,2534.6,2546.1,2520.4,2524.35,0
2020-01-01,2531.4,2540.2,2514.2,2526.4,0
2020-01-02,2530.1,2582.7,2522.25,2576.7,0
2020-01-03,2568.15,2568.15,2511.4,2524.3,0
2020-01-06,2512.35,2512.35,2404.7,2414.65,0
2020-01-07,2452.9,2471.5,2390.65,2416.65,0
2020-01-08,2371.7,2412.65,2356.6,2401.85,0
2020-01-09,2452.5,2472.7,2437.9,2459.85,0
2020-01-10,2468.05,2502.65,2450.45,2461.4,0
2020-01-13,2472.85,2483.15,2457.65,2468.7,0
2020-01-14,2467.75,2484.35,2451.3,2462.35,0
2020-01-15,2459.8,2467.05,2428.6,2463.3,0
2020-01-16,2465.25,2483.85,2453.2,2465.8,0
2020-01-17,2427.2,2478.65,2417.45,2451.85,0
2020-01-20,2469.2,2470,2408,2414.9,0
2020-01-21,2411.6,2437.85,2404.8,2412.8,0
2020-01-22,2431.35,2435.1,2397.55,2410,0
2020-01-23,2410.05,2455.55,2405,2437.9,0
2020-01-24,2443.5,2467.2,2435,2446.3,0
2020-01-27,2417.5,2425.45,2387.65,2391.25,0
2020-01-28,2400,2409.4,2354.7,2370.65,0
2020-01-29,2391.4,2398.95,2373.85,2378.15,0
2020-01-30,2378.9,2378.9,2330.7,2346.75,0
2020-01-31,2363.85,2388.8,2333.95,2366.05,0
2020-02-01,2365.95,2388.2,2261.9,2277.95,0
2020-02-03,2273.35,2286.65,2215.65,2221.85,0
2020-02-04,2246.3,2270.45,2226.65,2241.15,0
2020-02-05,2244.6,2263.35,2235.85,2252.4,0
2020-02-06,2261.1,2343.25,2254.15,2316.05,0
2020-02-07,2317.55,2339.15,2293.5,2313.2,0
2020-02-10,2311.7,2318.65,2272.55,2290.45,0
2020-02-11,2310.35,2321.55,2285.7,2293.4,0
2020-02-12,2312,2312,2243.45,2249.25,0
2020-02-13,2257,2282.4,2251.45,2256.3,0
2020-02-14,2261.15,2280.45,2205.15,2211.2,0
2020-02-17,2207.7,2213.6,2141.6,2145.65,0
2020-02-18,2145.5,2145.85,2074.55,2128.2,0
2020-02-19,2148.9,2164.55,2122.05,2147.55,0
2020-02-20,2140,2188.9,2134.55,2168.95,0
2020-02-24,2143.9,2158.15,2104,2109.2,0
2020-02-25,2121.4,2127.25,2094.45,2109.6,0
2020-02-26,2095.6,2117.9,2084.45,2096.6,0
2020-02-27,2095,2099,2039.05,2049.1,0
2020-02-28,1985.65,1992.4,1939.3,1945.6,0
2020-03-02,1989,1996.5,1839.95,1857.6,0
2020-03-03,1878.05,1899.55,1845.1,1881.2,0
2020-03-04,1889.7,1897.4,1816.8,1865.9,0
2020-03-05,1880.7,1936,1810.45,1891.9,0
2020-03-06,1774.95,1818.75,1738.55,1794.8,0
2020-03-09,1735.9,1745.5,1676.65,1688.35,0
2020-03-11,1690.45,1720,1621.4,1635.95,0
2020-03-12,1529.8,1534.9,1411.65,1420.65,0
2020-03-13,1303.05,1591.35,1218.3,1573.25,0
2020-03-16,1499.3,1524.6,1468.35,1497.4,0
2020-03-17,1513.75,1564.65,1474.05,1490.35,0
2020-03-18,1516.25,1527.4,1419.35,1480.5,0
2020-03-19,1404.95,1538.1,1382.55,1438.85,0
2020-03-20,1452.6,1514.05,1434.75,1463.45,0
2020-03-23,1349.85,1379.1,1270.95,1277.75,0
2020-03-24,1326.6,1342.8,1243.7,1305.35,0
2020-03-25,1271.3,1361.1,1254.85,1327.55,0
2020-03-26,1342.1,1398.9,1305,1335.15,0
2020-03-27,1387.55,1449.05,1333.65,1339.65,0
2020-03-30,1314.2,1329.3,1284.75,1295.45,0
2020-03-31,1330.15,1340.1,1294.85,1324.85,0
2020-04-01,1328,1331.2,1273.95,1283.1,0
2020-04-03,1285,1288.9,1228.8,1232.3,0
2020-04-07,1275.6,1278.55,1238.1,1261.85,0
2020-04-08,1250.4,1325.15,1238.3,1261.25,0
2020-04-09,1282.3,1316.55,1270.6,1302.35,0
2020-04-13,1303,1306.85,1263,1276.95,0
2020-04-15,1288.7,1322.25,1257.95,1270.85,0
2020-04-16,1272.45,1294.85,1256.95,1289,0
2020-04-17,1333.9,1346.55,1284.5,1315.2,0
2020-04-20,1335.65,1395.05,1311.1,1370.15,0
2020-04-21,1351,1351,1309.9,1317.2,0
2020-04-22,1315.65,1319.9,1282.1,1315.9,0
2020-04-23,1320.4,1332.2,1305,1311.15,0
2020-04-24,1292.05,1296.35,1260.95,1262.6,0
2020-04-27,1280.25,1288.25,1265.7,1267.7,0
2020-04-28,1276.1,1290.3,1267.9,1283.6,0
2020-04-29,1290.9,1323.5,1282.85,1315.6,0
2020-04-30,1338.05,1364.6,1321.05,1326.05,0
2020-05-04,1287.05,1287.05,1241.2,1246.2,0
2020-05-05,1262.5,1265.7,1203.45,1205.35,0
2020-05-06,1210.45,1213.25,1174.75,1194.75,0
2020-05-07,1190.2,1215.5,1181.25,1195.4,0
2020-05-08,1207.65,1214.05,1169.4,1171.9,0
2020-05-11,1182.4,1185.85,1159.9,1164.55,0
2020-05-12,1156.2,1176.3,1131.35,1166.8,0
2020-05-13,1238.35,1246.55,1196.8,1238.05,0
2020-05-14,1221.45,1236.85,1202.9,1205.9,0
2020-05-15,1206.6,1209.9,1183.55,1186.1,0
2020-05-18,1187.15,1187.35,1108.75,1116.05,0
2020-05-19,1129.15,1132.55,1085.6,1087.2,0
2020-05-20,1085.9,1101.15,1078.45,1092.45,0
2020-05-21,1096.3,1129.05,1091,1099.65,0
2020-05-22,1097.15,1127.9,1083.45,1090.15,0
2020-05-26,1101.5,1103.55,1082.7,1090.25,0
2020-05-27,1093.55,1135.95,1085.9,1127.3,0
2020-05-28,1131.6,1150.95,1118.05,1122.95,0
2020-05-29,1113.95,1134.8,1102.35,1129.85,0
2020-06-01,1149.9,1223.8,1146.2,1215.4,0
2020-06-02,1222.8,1232.1,1202.6,1221.85,0
2020-06-03,1245.8,1330.6,1242,1284.45,0
2020-06-04,1292.05,1337.25,1280.35,1297.9,0
2020-06-05,1318.5,1397,1314.1,1386.75,0
2020-06-08,1444.85,1446.85,1362.85,1370.6,0
2020-06-09,1377.85,1400.45,1339.6,1347.9,0
2020-06-10,1350.85,1401.75,1341.35,1395.05,0
2020-06-11,1402.9,1422.45,1335.8,1340.85,0
2020-06-12,1266.95,1356.3,1266.3,1352.05,0
2020-06-15,1348.85,1377.95,1317.15,1371.5,0
2020-06-16,1406.8,1416.5,1325.1,1358.6,0
2020-06-17,1350.8,1371.7,1328.5,1353,0
2020-06-18,1345.7,1395.75,1341.75,1387.5,0
2020-06-19,1400.35,1427.4,1387.45,1418.4,0
2020-06-22,1436.55,1485.55,1434.05,1473.6,0
2020-06-23,1494.9,1528.85,1491.2,1523.9,0
2020-06-24,1569.35,1573.1,1487.1,1496.8,0
2020-06-25,1474.7,1509.45,1457.7,1489.15,0
2020-06-26,1516.9,1524.45,1484.6,1503.2,0
2020-06-29,1495.05,1495.4,1448.8,1453.45,0
2020-06-30,1467.75,1474.6,1424.7,1427.9,0
2020-07-01,1429.65,1484.55,1416.95,1479.7,0
2020-07-02,1485.45,1501.7,1469.3,1478.4,0
2020-07-03,1487.75,1489.1,1456.75,1464.45,0
2020-07-06,1475.8,1493.65,1471.6,1482.9,0
2020-07-07,1481.9,1483.55,1451.05,1477.8,0
2020-07-08,1480.5,1557.95,1478.55,1512.45,0
2020-07-09,1524.35,1544.9,1508.95,1530.55,0
2020-07-10,1513.4,1531.15,1480.55,1489.75,0
2020-07-13,1503.55,1511.25,1458.6,1465.25,0
2020-07-14,1458.9,1459.25,1407.4,1419.2,0
2020-07-15,1432.5,1444.15,1396.35,1399.75,0
2020-07-16,1408,1409.85,1376.5,1405.9,0
2020-07-17,1410.9,1438.4,1407.5,1431.6,0
2020-07-20,1443.85,1461.55,1437,1442,0
2020-07-21,1479.2,1481,1460.15,1472.1,0
2020-07-22,1481.7,1482.9,1440.6,1449.2,0
2020-07-23,1449.25,1472.65,1442.9,1467.05,0
2020-07-24,1454.05,1459.6,1424.4,1438.45,0
2020-07-27,1441.3,1441.6,1391.4,1393.75,0
2020-07-28,1397.35,1407.75,1382.5,1398.25,0
2020-07-29,1397.5,1451.5,1395.3,1419.3,0
2020-07-30,1432.9,1438.05,1389.35,1391.85,0
2020-07-31,1395.4,1421.95,1384.45,1411.6,0
2020-08-03,1411.6,1434.45,1405.45,1420.5,0
2020-08-04,1428,1430.2,1410.35,1420.2,0
2020-08-05,1426.55,1445.05,1414.3,1417.5,0
2020-08-06,1425.9,1430.85,1408.35,1412.95,0
2020-08-07,1414.4,1431.4,1405.7,1427,0
2020-08-10,1436.2,1449.4,1431.35,1437.9,0
2020-08-11,1434.1,1447.1,1423.55,1438.85,0
2020-08-12,1455.35,1495.35,1446.1,1477.7,0
2020-08-13,1487.7,1495.65,1459.05,1462.8,0
2020-08-14,1472.55,1473.15,1415.75,1425.15,0
2020-08-17,1437.35,1437.75,1406.6,1415.85,0
2020-08-18,1420.95,1431,1409.4,1428.75,0
2020-08-19,1446.05,1475.2,1444.25,1462.45,0
2020-08-20,1448.1,1468.85,1440.2,1457.1,0
2020-08-21,1479.5,1502.35,1476.65,1483.75,0
2020-08-24,1502.4,1505.4,1479.75,1486.8,0
2020-08-25,1497.05,1517.65,1493.15,1506.75,0
2020-08-26,1511.3,1516.7,1497.65,1511.05,0
2020-08-27,1516.75,1543.3,1516.2,1527.55,0
2020-08-28,1538.1,1607.55,1538.1,1601.8,0
2020-08-31,1661.8,1661.8,1507.65,1525.35,0
2020-09-01,1532.7,1552.55,1490.55,1521.7,0
2020-09-02,1527.55,1529.6,1492.2,1515.35,0
2020-09-03,1522.8,1528.8,1499.85,1502.5,0
2020-09-04,1477.3,1490.2,1459.3,1462.25,0
2020-09-07,1464.25,1470.45,1449.25,1460.8,0
2020-09-08,1462,1463.5,1431.9,1437.8,0
2020-09-09,1418.25,1419.2,1382.55,1396.5,0
2020-09-10,1412.25,1434.15,1409.65,1430.9,0
2020-09-11,1431.35,1446.15,1420.3,1442.2,0
2020-09-14,1454.8,1459.95,1429.1,1435,0
2020-09-15,1445.35,1447.05,1424.6,1435.55,0
2020-09-16,1435.85,1436.75,1414.4,1428.05,0
2020-09-17,1416.55,1424.45,1407.6,1409.45,0
2020-09-18,1414.45,1418.75,1379.6,1386.6,0
2020-09-21,1389.25,1390.15,1323.6,1328.4,0
2020-09-22,1328.2,1331.1,1275.95,1310,0
2020-09-23,1324.9,1328.3,1272.05,1290.4,0
2020-09-24,1269.35,1273.65,1238.05,1240.25,0
2020-09-25,1250.3,1280.3,1232.55,1276.2,0
2020-09-28,1291.6,1321.6,1287.6,1318.8,0
2020-09-29,1326.1,1328.7,1278.05,1290,0
2020-09-30,1289.85,1290.45,1265.8,1277.4,0
2020-10-01,1280.95,1309.95,1280.95,1292.25,0
2020-10-05,1301.1,1320.85,1282.95,1290.4,0
2020-10-06,1301.4,1307.7,1282,1299.15,0
2020-10-07,1300.55,1305.55,1278.65,1284.15,0
2020-10-08,1293.55,1317.75,1288.3,1293.3,0
2020-10-09,1296.6,1336.35,1284.15,1333.4,0
2020-10-12,1341.9,1370.1,1306.1,1310.75,0
2020-10-13,1309,1313.6,1288.1,1290.5,0
2020-10-14,1287.15,1308.15,1274.2,1303.25,0
2020-10-15,1308,1318.5,1262.7,1266.2,0
2020-10-16,1273.7,1280.35,1260.35,1270.45,0
2020-10-19,1280,1325.8,1277.8,1323.45,0
2020-10-20,1312.1,1316.7,1299.55,1304.6,0
2020-10-21,1314.5,1332.05,1293.25,1314.15,0
2020-10-22,1307.75,1319.5,1304.3,1313.5,0
2020-10-23,1318.8,1326.95,1311.95,1319.65,0
2020-10-26,1320.7,1330.6,1301.75,1304,0
2020-10-27,1305.65,1306.4,1278.45,1292,0
2020-10-28,1292.95,1293.7,1265.7,1271.7,0
2020-10-29,1265.25,1267.5,1244.85,1264.35,0
2020-10-30,1272.35,1282.15,1248.2,1260.5,0
2020-11-02,1277.35,1312.1,1264.9,1302.85,0
2020-11-03,1312.4,1330.75,1304.75,1325.55,0
2020-11-04,1323.75,1336.65,1294,1329,0
2020-11-05,1355.7,1380.8,1354.9,1367.1,0
2020-11-06,1372.65,1388.75,1366.75,1374.75,0
2020-11-09,1394.5,1395.75,1373.55,1388.95,0
2020-11-10,1403.6,1454.45,1397.85,1439.75,0
2020-11-11,1445.95,1465.4,1413.45,1432.95,0
2020-11-12,1429.75,1433.1,1396.35,1400.2,0
2020-11-13,1392.1,1416.25,1369.45,1412,0
2020-11-14,1426.85,1429.5,1411.35,1417.35,0
2020-11-17,1425.3,1453.25,1423.6,1449.05,0
2020-11-18,1444.2,1505.15,1439.05,1500.8,0
2020-11-19,1488,1496.95,1449.65,1454.3,0
2020-11-20,1460.7,1479.85,1437.55,1469.25,0
2020-11-23,1481.1,1491,1459.35,1466.85,0
2020-11-24,1478.6,1487.55,1463.75,1483.1,0
2020-11-25,1499.4,1557.2,1498.65,1509.85,0
2020-11-26,1515.5,1543.6,1497.7,1539.05,0
2020-11-27,1541.95,1575.15,1536.75,1558.4,0
2020-12-01,1569.65,1609.35,1560.7,1603.25,0
2020-12-02,1609.3,1623.7,1575.85,1596.25,0
2020-12-03,1611.1,1683.85,1607.2,1673.05,0
2020-12-04,1687.15,1710.4,1642,1697.95,0
2020-12-07,1703.75,1743.6,1700.25,1733.95,0
2020-12-08,1744,1876.25,1735.75,1857.55,0
2020-12-09,1897.4,1902.4,1831.55,1838.55,0
2020-12-10,1824.1,1824.1,1777.9,1810.3,0
2020-12-11,1814.65,1859.55,1814.65,1828.45,0
2020-12-14,1849.6,1866.35,1840.05,1860.75,0
2020-12-15,1855.3,1855.3,1804.85,1833.6,0
2020-12-16,1840.55,1846.45,1794.1,1803.75,0
2020-12-17,1808.2,1821.45,1771.9,1778.1,0
2020-12-18,1782.05,1784.3,1733.1,1765.55,0
2020-12-21,1742.05,1759.05,1616.9,1643.25,0
2020-12-22,1638.15,1672.65,1578.75,1659.25,0
2020-12-23,1652.5,1698.7,1647.25,1693.4,0
2020-12-24,1710.7,1733.65,1699,1703.8,0
2020-12-28,1717.55,1754.4,1716.05,1749.7,0
2020-12-29,1762.7,1789.8,1754.3,1765.35,0
2020-12-30,1776.15,1778.9,1734.15,1761.35,0
2020-12-31,1759.4,1768.7,1748.45,1752.7,0
2021-01-01,1758.4,1814.5,1753.7,1809.6,0
2021-01-04,1831.65,1841.25,1794.4,1829.6,0
2021-01-05,1811.7,1837.6,1801.75,1831.4,0
2021-01-06,1841.25,1869.45,1801.65,1825.45,0
2021-01-07,1851.1,1860.65,1834.6,1838.25,0
2021-01-08,1853.35,1858.45,1825.4,1829.95,0
2021-01-11,1842.3,1843.75,1791.8,1802.5,0
2021-01-12,1793.6,1917.3,1778.2,1910.15,0
2021-01-13,1931.8,1980.35,1886.7,1972.65,0
2021-01-14,1969.9,2002.45,1958.55,1978.1,0
2021-01-15,1978.45,2000.95,1912.95,1937.3,0
2021-01-18,1944.1,1973.4,1875.55,1889.95,0
2021-01-19,1908.65,1944.5,1904.45,1940.7,0
2021-01-20,1945.8,1995.7,1933.15,1980.8,0
2021-01-21,1994.95,2003.7,1895.75,1916.05,0
2021-01-22,1921.3,1937.8,1853.1,1857.6,0
2021-01-25,1876.45,1890.75,1815.8,1843.9,0
2021-01-27,1840.9,1868.15,1800.85,1815.9,0
2021-01-28,1789.15,1794.05,1740.2,1783.85,0
2021-01-29,1808.7,1860.15,1786.8,1814.05,0
2021-02-01,1837.5,1965.2,1815.7,1956.15,0
2021-02-02,1983.1,2052.9,1960.1,2023.95,0
2021-02-03,2036.35,2100.3,1994.55,2076.7,0
2021-02-04,2075.8,2206.3,2057.05,2198.75,0
2021-02-05,2291.1,2390.3,2257.75,2277.95,0
2021-02-08,2307.95,2335.75,2246.85,2254.3,0
2021-02-09,2259.7,2309.65,2211.2,2245.3,0
2021-02-10,2245.3,2265.5,2212.2,2248.45,0
2021-02-11,2248.75,2275.35,2214.95,2220.25,0
2021-02-12,2227.65,2266.3,2202.7,2226,0
2021-02-15,2248.1,2295,2242,2277.55,0
2021-02-16,2323.4,2362.4,2279.7,2315.2,0
2021-02-17,2320.95,2474,2311.3,2450.9,0
2021-02-18,2521.8,2621.55,2514.6,2588.2,0
2021-02-19,2608.9,2660.6,2422.3,2464.9,0
2021-02-22,2464.8,2480.85,2366.45,2399.7,0
2021-02-23,2412.55,2455.3,2381,2396.3,0
2021-02-24,2413.1,2482.6,2407.05,2462.8,0
2021-02-25,2504.25,2520.15,2487.55,2491.2,0
2021-02-26,2431,2446.6,2379.95,2392.35,0
2021-03-01,2423.4,2429.95,2372.15,2383.8,0
2021-03-02,2397.65,2423.2,2368.15,2379.8,0
2021-03-03,2400.1,2466.45,2397.55,2454.95,0
2021-03-04,2426,2472.4,2411.8,2436.65,0
2021-03-05,2431.3,2431.35,2316.2,2341,0
2021-03-08,2389.9,2419.9,2374.9,2378.55,0
2021-03-09,2405.5,2416.8,2325.65,2355.55,0
2021-03-10,2379.65,2389.6,2342.9,2351.9,0
2021-03-12,2381.4,2388.1,2294.5,2311.9,0
2021-03-15,2326.95,2326.95,2252.95,2315.65,0
2021-03-16,2328.3,2334.6,2274.4,2285.15,0
2021-03-17,2284,2289.75,2188,2199.05,0
2021-03-18,2229.15,2246.05,2118.2,2155.9,0
2021-03-19,2127.15,2196.2,2080.85,2187.5,0
2021-03-22,2192.25,2209.15,2147.9,2163.8,0
2021-03-23,2176.95,2248.85,2175.15,2226.75,0
2021-03-24,2228.35,2247.4,2145.1,2153.2,0
2021-03-25,2158.2,2160.95,2037.7,2097.7,0
2021-03-26,2136.1,2144.2,2107.85,2114.55,0
2021-03-30,2135.6,2150.5,2102.5,2129.6,0
2021-03-31,2130.4,2192.9,2117.5,2157.8,0
2021-04-01,2188.5,2223.4,2161.1,2214.65,0
2021-04-05,2205,2207.8,2093.1,2123.85,0
2021-04-06,2132.95,2151.8,2098.15,2123.25,0
2021-04-07,2125.9,2192.95,2113.35,2164.7,0
2021-04-08,2179.65,2188.95,2141.95,2146.3,0
2021-04-09,2144.35,2246.9,2132.05,2191.25,0
2021-04-12,2127.75,2127.75,1954.15,1988.3,0
2021-04-13,2012,2085.1,1997.15,2077.65,0
2021-04-15,2055.75,2086.65,2012.2,2050.8,0
2021-04-16,2058.85,2088.5,2033.5,2038.7,0
2021-04-19,1959.5,1967.8,1914.45,1950.85,0
2021-04-20,1983.15,2003.45,1930.3,1946.7,0
2021-04-22,1920.4,1972,1910.65,1961.25,0
2021-04-23,1941.65,1998.6,1940.65,1967.2,0
2021-04-26,1984.4,2016.05,1984.4,2001.95,0
2021-04-27,2007.5,2053.5,2003.8,2047.9,0
2021-04-28,2065.25,2105.55,2058.65,2100.7,0
2021-04-29,2114.35,2137.05,2059.85,2076.8,0
2021-04-30,2045,2103.6,2035,2055.25,0
2021-05-03,2030.95,2048.3,2004.7,2042.9,0
2021-05-04,2063.55,2188.65,2062.2,2113.15,0
2021-05-05,2154.6,2167.05,2120.35,2144.3,0
2021-05-06,2159.15,2162.9,2108.4,2119.25,0
2021-05-07,2132.8,2150.7,2099.8,2116.25,0
2021-05-10,2135.4,2178.45,2116.35,2145.4,0
2021-05-11,2115.9,2176.4,2096.8,2169.45,0
2021-05-12,2174.55,2290,2169.9,2239.7,0
2021-05-14,2269.05,2296.65,2184.2,2194.2,0
2021-05-17,2217.65,2285.25,2208.7,2277.7,0
2021-05-18,2312.55,2318.05,2240.6,2248.7,0
2021-05-19,2242.6,2285.6,2236.6,2254,0
2021-05-20,2270.55,2276.05,2239.5,2262.2,0
2021-05-21,2289.15,2357.65,2269.1,2348.15,0
2021-05-24,2404.95,2421.7,2365.75,2398.15,0
2021-05-25,2414.55,2417.5,2357.2,2366.1,0
2021-05-26,2376.35,2393.75,2354.3,2359.85,0
2021-05-27,2367.05,2440,2354.7,2427,0
2021-05-28,2459.05,2468.75,2413.3,2443.2,0
2021-05-31,2441.2,2451.05,2395.45,2426.3,0
2021-06-01,2436.95,2450.95,2392.85,2412.45,0
2021-06-02,2411.65,2491.45,2404.1,2485.55,0
2021-06-03,2503.3,2516.3,2481.7,2495.75,0
2021-06-04,2497.35,2511.95,2479.1,2491.65,0
2021-06-07,2512.4,2527.15,2491.5,2500.65,0
2021-06-08,2513.6,2513.75,2445.65,2464.5,0
2021-06-09,2478.3,2515.6,2407.45,2429.25,0
2021-06-10,2449.5,2501.65,2438.6,2487.65,0
2021-06-11,2502.8,2513.3,2462.05,2474.3,0
2021-06-14,2467.5,2508.35,2396.9,2488.75,0
2021-06-15,2489.7,2514.2,2478.7,2482.4,0
2021-06-16,2480.05,2511.7,2451.25,2457.25,0
2021-06-17,2428,2470.55,2410.95,2422.25,0
2021-06-18,2444.25,2448.1,2303.6,2379.45,0
2021-06-21,2336.3,2484.15,2319.6,2477.25,0
2021-06-22,2523.8,2538.25,2469.75,2478.65,0
2021-06-23,2497.45,2515.5,2457.65,2477.5,0
2021-06-24,2488.95,2494.6,2437.95,2442.7,0
2021-06-25,2461.7,2522.05,2452.45,2507.25,0
2021-06-28,2530.75,2580.95,2521.55,2567.35,0
2021-06-29,2563.4,2571.75,2524.05,2529.25,0
2021-06-30,2540.35,2575.1,2514.05,2518.8,0
2021-07-01,2530.25,2540.1,2513.6,2522.2,0
2021-07-02,2526.7,2545.7,2513.8,2521.85,0
2021-07-05,2540.2,2551.4,2520,2545.35,0
2021-07-06,2544.65,2560.95,2504.4,2513.4,0
2021-07-07,2509.45,2532.35,2502.2,2524.4,0
2021-07-08,2528,2543,2464.7,2475,0
2021-07-09,2473.15,2484.1,2455.65,2468.95,0
2021-07-12,2487.7,2499.35,2464.05,2473.4,0
2021-07-13,2491.3,2500.5,2480.6,2492.65,0
2021-07-14,2492.1,2496.35,2476.3,2480.15,0
2021-07-15,2489.15,2491.75,2465.55,2471.95,0
2021-07-16,2480.25,2482.45,2457.15,2462.65,0
2021-07-19,2441.7,2451.85,2419.35,2435.05,0
2021-07-20,2432.65,2435.45,2382.05,2388.05,0
2021-07-22,2420.35,2435.05,2404.15,2410.15,0
2021-07-23,2414.2,2432.6,2391.45,2428.05,0
2021-07-26,2428.95,2429.95,2405.55,2408.55,0
2021-07-27,2413.2,2450.75,2404.45,2417.6,0
2021-07-28,2423.25,2425.65,2351.65,2372.1,0
2021-07-29,2383.1,2465,2371,2449.3,0
2021-07-30,2452.6,2474.65,2431.4,2441.35,0
2021-08-02,2462.5,2478.85,2454.95,2461.9,0
2021-08-03,2469.45,2495,2452.3,2490.1,0
2021-08-04,2501.3,2532.25,2456.45,2497.7,0
2021-08-05,2504.9,2506.45,2425.65,2442.05,0
2021-08-06,2449.3,2472.1,2431.2,2443,0
2021-08-09,2459.35,2466.15,2394.95,2404.9,0
2021-08-10,2411.05,2422.2,2327.1,2342.25,0
2021-08-11,2352.1,2360.7,2310.6,2353.75,0
2021-08-12,2360.55,2390.8,2350.9,2383.45,0
2021-08-13,2387.2,2396.6,2367.65,2388.2,0
2021-08-16,2382.45,2399.25,2359,2364.45,0
2021-08-17,2359.55,2359.65,2301.15,2322.15,0
2021-08-18,2324.6,2346.05,2314.55,2328.6,0
2021-08-20,2295.8,2312.2,2237.5,2248.5,0
2021-08-23,2271.1,2277.25,2204.7,2236.7,0
2021-08-24,2236.9,2282,2231.55,2277.55,0
2021-08-25,2287.85,2297.35,2267.8,2276.95,0
2021-08-26,2275.8,2291.05,2253.9,2258.45,0
2021-08-27,2258.25,2277.3,2242.1,2272.9,0
2021-08-30,2287.55,2325.7,2283.5,2319.35,0
2021-08-31,2322.05,2361.7,2300.05,2335.1,0
2021-09-01,2336.55,2366.15,2327.05,2355.15,0
2021-09-02,2360.7,2369.25,2339.3,2344.45,0
2021-09-03,2351.75,2392.85,2348.25,2361.1,0
2021-09-06,2374.85,2380.95,2353.1,2356.65,0
2021-09-07,2360.55,2362.5,2313.4,2327.3,0
2021-09-08,2327.5,2373.7,2322.35,2343.75,0
2021-09-09,2349,2363.75,2341.25,2350,0
2021-09-13,2346.55,2351.4,2330.3,2340.35,0
2021-09-14,2348.85,2360.75,2342,2344.6,0
2021-09-15,2350.2,2416.75,2343.65,2411,0
2021-09-16,2416.45,2552.2,2402.85,2541.95,0
2021-09-17,2573.05,2579.35,2439.7,2466.6,0
2021-09-20,2433.95,2454.75,2358.1,2363.4,0
2021-09-21,2373.6,2383.65,2322.85,2362.2,0
2021-09-22,2369.35,2391.6,2363,2373.45,0
2021-09-23,2393.85,2423.25,2392.95,2401.65,0
2021-09-24,2413.55,2414.4,2351.05,2357.6,0
2021-09-27,2374.75,2394.3,2364.2,2369,0
2021-09-28,2383.7,2418.25,2368,2398.3,0
2021-09-29,2381.5,2478.05,2370.35,2463.45,0
2021-09-30,2479.3,2537.85,2474.6,2483.05,0
2021-10-01,2467.55,2517.75,2446.15,2500.8,0
2021-10-04,2516.45,2561.8,2510.85,2553.4,0
2021-10-05,2550.25,2567.5,2524.2,2542.05,0
2021-10-06,2550.2,2582.65,2485.4,2492.8,0
2021-10-07,2523.3,2529.8,2505.3,2508.65,0
2021-10-08,2530.55,2564.7,2487.9,2550,0
2021-10-11,2572.65,2609.95,2552.15,2569.95,0
2021-10-12,2572.1,2654.15,2563,2649,0
2021-10-13,2671.95,2681.1,2638.25,2670.15,0
2021-10-14,2682.3,2731.6,2680.3,2716.55,0
2021-10-18,2750.1,2842.3,2739.85,2824.55,0
2021-10-19,2852.7,2860.75,2697.9,2719.2,0
2021-10-20,2716.95,2799.25,2666.3,2761.15,0
2021-10-21,2794.8,2848.15,2756.5,2836.6,0
2021-10-22,2858.65,2883.75,2802.4,2823.25,0
2021-10-25,2846.25,2919.6,2791.15,2854.3,0
2021-10-26,2867,2956.6,2862.6,2879.25,0
2021-10-27,2906,2963.75,2883.9,2938.2,0
2021-10-28,2915.65,2916.95,2768,2784.85,0
2021-10-29,2780.3,2880.2,2693.7,2825.15,0
2021-11-01,2840.85,2864.4,2810.65,2860.1,0
2021-11-02,2870.4,2938.7,2860.15,2927.9,0
2021-11-03,2942.25,2985,2894.85,2913.5,0
2021-11-04,2942.55,2963.05,2937.2,2952.95,0
2021-11-08,2973.15,3028.5,2936.7,3016.45,0
2021-11-09,3030.55,3054.75,3008.3,3040.6,0
2021-11-10,3021.55,3037.1,2956.5,2969.15,0
2021-11-11,2974.7,2984.1,2897.6,2914.45,0
2021-11-12,2933.2,2941.7,2874.9,2912,0
2021-11-15,2927.5,2932.75,2860.8,2870.3,0
2021-11-16,2876.65,2879.3,2798.75,2808.9,0
2021-11-17,2797.65,2858.2,2788.35,2810.2,0
2021-11-18,2819.1,2844.05,2782.95,2812.1,0
2021-11-22,2819.95,2822.85,2646.35,2685.35,0
2021-11-23,2671.05,2758.8,2657.4,2749.5,0
2021-11-24,2778.15,2804.7,2746.95,2758.95,0
2021-11-25,2758.3,2762.75,2730.45,2744.25,0
2021-11-26,2718.1,2720.15,2619.2,2628.75,0
2021-11-29,2614.05,2630.6,2529.7,2575.05,0
2021-11-30,2581.15,2648,2549.4,2560.15,0
2021-12-01,2582.55,2635.55,2563.45,2628.25,0
2021-12-02,2628.75,2647.1,2606.1,2640.8,0
2021-12-03,2639.2,2676.15,2622.25,2633.65,0
2021-12-06,2642.55,2655.35,2588.2,2594.35,0
2021-12-07,2621.4,2665.95,2618.75,2654.3,0
2021-12-08,2675.75,2727.05,2669.45,2722.55,0
2021-12-09,2729.35,2743.9,2696.45,2725.15,0
2021-12-10,2724.1,2804.35,2706.25,2796.45,0
2021-12-13,2825.55,2831.4,2754.55,2758.9,0
2021-12-14,2742.9,2752.45,2710.25,2739.65,0
2021-12-15,2739.7,2754.65,2698.1,2702.65,0
2021-12-16,2722.05,2735.05,2659.8,2676.9,0
2021-12-17,2672.35,2672.7,2573.7,2579.35,0
2021-12-20,2542.45,2549.95,2429.35,2463.9,0
2021-12-21,2493.95,2523.35,2451.8,2463.95,0
2021-12-22,2485.9,2538.8,2480.7,2506.8,0
2021-12-23,2532.75,2568.1,2516.75,2546,0
2021-12-24,2553.65,2556.85,2481.3,2496.6,0
2021-12-27,2473.6,2510.65,2446,2501.8,0
2021-12-28,2520.9,2545.05,2513.45,2527.7,0
2021-12-29,2525.55,2540,2498.4,2508.9,0
2021-12-30,2500.6,2504.4,2476.4,2490.2,0
2021-12-31,2497.15,2540.45,2496.8,2530.4,0
2022-01-03,2530.85,2589.65,2526.35,2584.7,0
2022-01-04,2595.3,2631.15,2584.2,2616.75,0
2022-01-05,2611.35,2667.75,2602.75,2658.35,0
2022-01-06,2627.25,2686.9,2621.05,2671.05,0
2022-01-07,2681.55,2716.6,2656.4,2673.55,0
2022-01-10,2684.75,2766.35,2684.05,2759.85,0
2022-01-11,2756.6,2770.6,2734.65,2753.75,0
2022-01-12,2770.55,2786.55,2764.95,2770.6,0
2022-01-13,2771.95,2799.75,2756.5,2786.9,0
2022-01-14,2773.45,2794.95,2760.1,2783.35,0
2022-01-17,2780.85,2815.35,2780.35,2791.05,0
2022-01-18,2796.4,2812.7,2732.3,2741.2,0
2022-01-19,2734.75,2811.5,2720.15,2801.65,0
2022-01-20,2803.45,2826.5,2779.05,2794.95,0
2022-01-21,2763.75,2770.65,2687.75,2709.6,0
2022-01-24,2706.85,2728.35,2614.95,2654.6,0
2022-01-25,2636,2782.4,2627.55,2767.1,0
2022-01-27,2724.2,2914.85,2717.65,2907.3,0
2022-01-28,2940.15,2963.35,2884,2896.95,0
2022-01-31,2926.4,3000.7,2915.15,2982.25,0
2022-02-01,3012.15,3018.1,2880.65,2964.95,0
2022-02-02,2983.1,3075.65,2982.45,3066.1,0
2022-02-03,3063.25,3099.9,3043.4,3050.75,0
2022-02-04,3058.1,3082.4,2984.3,2992.3,0
2022-02-07,3010.65,3133.5,2994.9,3019.95,0
2022-02-08,3035.9,3055.85,2954.25,3044.85,0
2022-02-09,3062.1,3069.75,3001.75,3026,0
2022-02-10,3037.35,3054.15,3003.2,3024.55,0
2022-02-11,2999.15,3023.3,2953.45,2963.65,0
2022-02-14,2869.15,2880.55,2776.8,2787.4,0
2022-02-15,2796.9,2904.25,2757.7,2898.55,0
2022-02-16,2917.25,2920.4,2855.85,2864.5,0
2022-02-17,2881.2,2885.4,2825.05,2830.3,0
2022-02-18,2815.75,2869.1,2815.75,2825.5,0
2022-02-21,2813.2,2827.75,2777.4,2786.55,0
2022-02-22,2711.65,2759.15,2702.85,2745.4,0
2022-02-23,2762.4,2808.6,2762.4,2773.9,0
2022-02-24,2634.55,2693,2533.3,2544.7,0
2022-02-25,2633.95,2715.55,2619.65,2664.15,0
2022-02-28,2628.65,2678.75,2617.65,2667.6,0
2022-03-02,2643.6,2662.05,2601.9,2639.2,0
2022-03-03,2675.2,2686.8,2609.8,2620.55,0
2022-03-04,2587.1,2629.8,2573.3,2579,0
2022-03-07,2516.35,2532.2,2429.6,2460.95,0
2022-03-08,2463.9,2532.75,2434,2524.1,0
2022-03-09,2543.35,2582.25,2520.5,2572.65,0
2022-03-10,2654.3,2698,2615.9,2632.65,0
2022-03-11,2625.4,2665.9,2608.15,2656.95,0
2022-03-14,2662.85,2718.35,2645.05,2709.7,0
2022-03-15,2721.6,2742.85,2666.5,2682.9,0
2022-03-16,2713.65,2733.4,2707.15,2720.6,0
2022-03-17,2762.1,2766.85,2739.05,2745.15,0
2022-03-21,2753.6,2756.2,2703.4,2711.8,0
2022-03-22,2711.7,2725.85,2650.75,2716.35,0
2022-03-23,2736.05,2763.85,2697.15,2702.9,0
2022-03-24,2685.25,2726.4,2679.05,2690.65,0
2022-03-25,2706.5,2720.6,2688.5,2703.85,0
2022-03-28,2709.75,2741.3,2667.95,2736.9,0
2022-03-29,2753.55,2761.35,2703,2714.2,0
2022-03-30,2743.8,2751.95,2731.45,2746.9,0
2022-03-31,2747.7,2751.3,2722.05,2725.65,0
2022-04-01,2723.8,2841.25,2719.85,2834.5,0
2022-04-04,2844.95,2874.8,2838.55,2861.6,0
2022-04-05,2873.7,2908.15,2847.45,2875.05,0
2022-04-06,2861.6,2945.55,2856.3,2932.3,0
2022-04-07,2930.2,2989.75,2912.6,2921.8,0
2022-04-08,2943.55,2956.85,2923.3,2945.15,0
2022-04-11,2943.1,2978.1,2925.85,2932.1,0
2022-04-12,2924,2925.25,2854.55,2896.15,0
2022-04-13,2911.6,2924.85,2895.35,2900.7,0
2022-04-18,2873.6,2875,2803.3,2828.4,0
2022-04-19,2847.85,2890.2,2786.4,2820.2,0
2022-04-20,2831.9,2846.25,2801.1,2814.9,0
2022-04-21,2838,2854.35,2834.15,2846.45,0
2022-04-22,2826.85,2836.8,2781.45,2786.75,0
2022-04-25,2761.2,2774,2736.1,2750.35,0
2022-04-26,2784.45,2819.2,2780.2,2814.15,0
2022-04-27,2790.3,2804.15,2752.6,2790.9,0
2022-04-28,2807.4,2815,2771.85,2805.35,0
2022-04-29,2819.4,2835.6,2749.75,2758.55,0
2022-05-02,2735,2754.1,2705.8,2745.9,0
2022-05-04,2760.1,2778.15,2659.1,2668.8,0
2022-05-05,2698.1,2734.45,2644.35,2649.75,0
2022-05-06,2609.25,2656.6,2589.05,2635.9,0
2022-05-09,2617.9,2628.9,2564.7,2574.3,0
2022-05-10,2575,2611.2,2543.4,2553.85,0
2022-05-11,2564.7,2574.05,2473.55,2540.3,0
2022-05-12,2496.55,2499.8,2386.5,2403.45,0
2022-05-13,2452.5,2508.7,2391.55,2404.35,0
2022-05-16,2425.2,2483.1,2397.95,2474.2,0
2022-05-17,2493.2,2531,2470.65,2524.15,0
2022-05-18,2532.5,2546.85,2479.45,2484.5,0
2022-05-19,2438.05,2439.45,2399.8,2416.75,0
2022-05-20,2459.85,2494.9,2456.5,2489.65,0
2022-05-23,2502.05,2527.9,2476.1,2481.1,0
2022-05-24,2487.85,2507.8,2468.3,2475.35,0
2022-05-25,2483.5,2500.65,2421.05,2425.2,0
2022-05-26,2449.6,2513.7,2399.9,2501.85,0
2022-05-27,2526.55,2543.1,2499.95,2521.5,0
2022-05-30,2549.4,2606.95,2545.45,2602.35,0
2022-05-31,2596.3,2619.9,2566.8,2575.6,0
2022-06-01,2578.75,2605.15,2565.2,2593.55,0
2022-06-02,2591.4,2634.55,2590.3,2620,0
2022-06-03,2641.15,2648.4,2578,2582.7,0
2022-06-06,2580.05,2586.9,2532.5,2574.6,0
2022-06-07,2562.45,2591.1,2552.2,2566.8,0
2022-06-08,2579.2,2621.7,2557.85,2585,0
2022-06-09,2577.05,2585.3,2553.9,2577.6,0
2022-06-10,2547.55,2569,2546.1,2564.8,0
2022-06-13,2511.95,2517.5,2454.6,2473,0
2022-06-14,2454.95,2494.15,2451.45,2462.65,0
2022-06-15,2459.3,2475.2,2445.95,2453.35,0
2022-06-16,2479.1,2490.6,2380.3,2387.2,0
2022-06-17,2373.8,2399.45,2344.8,2368.2,0
2022-06-20,2379.35,2387.75,2283.85,2309.3,0
2022-06-21,2329.6,2420.55,2327.25,2403.1,0
2022-06-22,2394.25,2416.95,2372.9,2401.85,0
2022-06-23,2405.8,2437.5,2374.45,2412.6,0
2022-06-24,2432.05,2468.5,2429.9,2460.4,0
2022-06-27,2490.95,2497.65,2466.75,2472.05,0
2022-06-28,2462.25,2488.75,2459.9,2483.5,0
2022-06-29,2461.15,2466.5,2452.15,2460.55,0
2022-06-30,2459.15,2488.85,2432.55,2434.75,0
2022-07-01,2431.95,2457.2,2408.95,2447.9,0
2022-07-04,2452.4,2493.55,2451.85,2488.45,0
2022-07-05,2503,2527.25,2483.8,2488.3,0
2022-07-06,2495.5,2520.3,2491,2514.65,0
2022-07-07,2531.9,2604.8,2528.25,2600.75,0
2022-07-08,2615.05,2619.2,2585.5,2609.95,0
2022-07-11,2593.9,2666,2590.25,2659.05,0
2022-07-12,2643,2685.15,2638.5,2656.35,0
2022-07-13,2669.65,2692.6,2650.8,2658.1,0
2022-07-14,2655.4,2659.3,2579.45,2599.45,0
2022-07-15,2610.8,2621.05,2565.95,2588.35,0
2022-07-18,2615,2666.35,2602.1,2660.15,0
2022-07-19,2651.75,2724.95,2646.65,2721.2,0
2022-07-20,2743.15,2751.95,2718.4,2726.95,0
2022-07-21,2725.65,2777.85,2719.75,2771.35,0
2022-07-22,2783.95,2806.9,2771.8,2787.9,0
2022-07-25,2783.6,2793.05,2748.05,2771.25,0
2022-07-26,2776.75,2781.35,2745.8,2752.1,0
2022-07-27,2753.3,2812.15,2746.8,2807.4,0
2022-07-28,2825.65,2849.35,2804.4,2818.05,0
2022-07-29,2830.85,2836.2,2778.25,2784.95,0
2022-08-01,2798.75,2843.2,2766.2,2831.2,0
2022-08-02,2813.8,2935.45,2811.9,2906.95,0
2022-08-03,2903.7,2913.8,2861.1,2891.6,0
2022-08-04,2902.6,2910.3,2796.15,2841,0
2022-08-05,2850.1,2881.55,2822.1,2829.4,0
2022-08-08,2819.25,2829,2793.85,2816.8,0
2022-08-10,2820.95,2829.1,2795.25,2803.8,0
2022-08-11,2828.8,2888.25,2826.95,2870.65,0
2022-08-12,2870.75,2891.45,2864.6,2879.6,0
2022-08-16,2896.5,2902.35,2858.2,2868.85,0
2022-08-17,2880.6,2937.15,2867.6,2933.55,0
2022-08-18,2924.25,2959.25,2912.8,2926.7,0
2022-08-19,2930.5,2936.5,2838.25,2848.9,0
2022-08-22,2838.25,2841.55,2784.25,2788.6,0
2022-08-23,2766.35,2861,2766.05,2853.85,0
2022-08-24,2846.35,2874.75,2825.7,2867.8,0
2022-08-25,2881.75,2982.45,2880.8,2946.3,0
2022-08-26,2967.45,3015.6,2966.1,2975.25,0
2022-08-29,2890.5,2934.3,2866.5,2926.85,0
2022-08-30,2950.95,3007.65,2949.85,3003.35,0
2022-09-01,2967.45,3051.5,2966.45,3024.65,0
2022-09-02,3045.45,3046.7,2992.4,3004.25,0
2022-09-05,3006.9,3052.65,3006.9,3032.9,0
2022-09-06,3043.05,3079.05,3015.75,3048.25,0
2022-09-07,3033.6,3052.35,3028.25,3043.2,0
2022-09-08,3068.35,3134.45,3065.7,3119.65,0
2022-09-09,3142.85,3174.35,3127.4,3134.6,0
2022-09-12,3153.75,3185.3,3134.9,3172.85,0
2022-09-13,3191.35,3201.4,3167.95,3172.6,0
2022-09-14,3116.8,3245.7,3112,3227.65,0
2022-09-15,3247.45,3267.95,3207.1,3227.7,0
2022-09-16,3215.45,3235.9,3118.15,3152,0
2022-09-19,3154.05,3249.75,3146.6,3215.95,0
2022-09-20,3247.7,3260.5,3225.95,3231.45,0
2022-09-21,3244.3,3260.4,3182,3208.45,0
2022-09-22,3193.9,3227.35,3143.55,3179.9,0
2022-09-23,3171.3,3187.25,3047.2,3053.7,0
2022-09-26,3019.8,3022.5,2909.85,2941.15,0
2022-09-27,2963.2,2996.35,2915.6,2935,0
2022-09-28,2906.95,2927.05,2856,2874.15,0
2022-09-29,2912.95,2946.35,2863.05,2907.35,0
2022-09-30,2919.5,3012.2,2887.55,2995,0
2022-10-03,2986,3007.35,2902.55,2914.9,0
2022-10-04,2982.4,3006.35,2969.05,3001.6,0
2022-10-06,3022.15,3045,3019.85,3026.05,0
2022-10-07,3018.25,3024,2972.4,3019,0
2022-10-10,2980.25,3017.5,2966.55,2988.5,0
2022-10-11,2996.45,2998.9,2930.95,2938.1,0
2022-10-12,2950.6,2988.7,2937.05,2982.55,0
2022-10-13,2974.75,2983.7,2917.05,2935.3,0
2022-10-14,2990.6,3008.6,2940.4,2948.75,0
2022-10-17,2946.3,3059.4,2932.65,3050.95,0
2022-10-18,3077.3,3179.6,3077.2,3172.05,0
2022-10-19,3180.95,3188.55,3138.55,3153.75,0
2022-10-20,3139.75,3225.2,3097.9,3213.1,0
2022-10-21,3221.95,3313.05,3221.2,3272.7,0
2022-10-24,3315.25,3326.35,3303.9,3311,0
2022-10-25,3313.95,3477.55,3276.1,3427,0
2022-10-27,3443.65,3470.65,3425.7,3454.45,0
2022-10-28,3461.25,3502.1,3414.75,3438.9,0
2022-10-31,3465.7,3475.2,3412.25,3461.05,0
2022-11-01,3480.8,3531.65,3428.05,3437.7,0
2022-11-02,3432.6,3448.45,3394.75,3410.2,0
2022-11-03,3382.1,3507,3378,3496.15,0
2022-11-04,3516.55,3556.3,3505.4,3532.55,0
2022-11-07,3669.05,3742.55,3636.95,3690.15,0
2022-11-09,3726.15,3844.9,3691.15,3835.2,0
2022-11-10,3828.65,3858.65,3753.25,3786,0
2022-11-11,3853.75,3863.65,3751.3,3760.8,0
2022-11-14,3763.65,3765.5,3706.65,3738.4,0
2022-11-15,3747,3763.7,3719.1,3750.8,0
2022-11-16,3757.85,3805.75,3738.4,3761.6,0
2022-11-17,3758.05,3814.95,3744.15,3791.25,0
2022-11-18,3805.05,3883.95,3796.2,3849.25,0
2022-11-21,3846.15,3914.5,3824.8,3903.45,0
2022-11-22,3924.15,3976.7,3894.4,3968.4,0
2022-11-23,3988,4028.55,3956.05,4008.8,0
2022-11-24,4020,4073.45,4019,4046.9,0
2022-11-25,4064.5,4145.45,4035.2,4048.8,0
2022-11-28,4063.8,4073.4,4022.05,4056.9,0
2022-11-29,4059.1,4104.5,4034.45,4055.45,0
2022-11-30,4064,4074.95,3979.75,4000.75,0
2022-12-01,4029.5,4096.3,3996.65,4085.3,0
2022-12-02,4083.8,4125.45,4071.55,4102.6,0
2022-12-05,4119.25,4156.25,4098.55,4151.9,0
2022-12-06,4153.25,4277.75,4149.8,4204.35,0
2022-12-07,4223.1,4253.4,4179.2,4215.25,0
2022-12-08,4233.35,4386.45,4224.95,4375.85,0
2022-12-09,4413.55,4492.65,4216,4298.45,0
2022-12-12,4299.85,4369.25,4252.65,4358.8,0
2022-12-13,4383.85,4535.1,4374.85,4525,0
2022-12-14,4557,4600.9,4474.95,4550.15,0
2022-12-15,4547.05,4617.4,4449.05,4464.5,0
2022-12-16,4452.95,4489.5,4325.9,4334.05,0
2022-12-19,4350,4384.6,4286.75,4328.8,0
2022-12-20,4322.1,4340.85,4245.75,4313.8,0
2022-12-21,4336.05,4409.9,4158.9,4190.8,0
2022-12-22,4238.75,4263.05,4090.4,4139.3,0
2022-12-23,4086.8,4099.05,3864.8,3888.6,0
2022-12-26,3894.8,4191.35,3843.15,4171.9,0
2022-12-27,4236.5,4271,4151.25,4225.7,0
2022-12-28,4226.55,4327.8,4174.35,4224.15,0
2022-12-29,4205.05,4278.65,4170.7,4254.45,0
2022-12-30,4300.15,4351.65,4283.85,4318.55,0
2024-08-01,7446.8,7457.8,7297.9,7323.5,0
2024-08-02,7259.4,7260,7154.75,7197.5,0
2024-08-05,7037.15,7040.15,6817.85,6903.45,0
2024-08-06,6979.45,7051.4,6795.15,6816.2,0
2024-08-07,6924.4,6930.45,6829,6916,0
2024-08-08,6929.65,6961.85,6846.55,6862.35,0
2024-08-09,6932.25,7057.5,6886.65,6994.45,0
2024-08-12,6961.2,6982.55,6896.75,6911.95,0
2024-08-13,6922.8,6958.65,6782.85,6800.7,0
2024-08-14,6815.95,6832.55,6754.9,6774.5,0
2024-08-16,6800.2,6851.1,6797.75,6843.8,0
2024-08-19,6882,6995.9,6877.35,6926.15,0
2024-08-20,6953.55,7053.45,6924.85,7042.55,0
2024-08-21,7053.4,7054.1,6969.85,7012.45,0
2024-08-22,7039.2,7082.9,7030.45,7059.7,0
2024-08-23,7070.8,7074.1,7010.5,7017.7,0
2024-08-26,7045.45,7053.5,6975.3,6982.5,0
2024-08-27,6996.7,7012.7,6971.1,6985.4,0
2024-08-28,6988.4,6999.5,6932.65,6954.1,0
2024-08-29,6952.85,6983.45,6910.65,6965,0
2024-08-30,6986.5,7041.5,6974.6,6985.8,0
2024-09-02,7006.2,7053.35,6939.55,7021.2,0
2024-09-03,7028.55,7038.6,6982.1,6996.95,0
2024-09-04,6896.2,6930.1,6864.65,6878.9,0
2024-09-05,6915.55,6920.05,6856.95,6901.2,0
2024-09-06,6875.75,6879.7,6632.05,6655.05,0
2024-09-09,6655.55,6667.35,6542.45,6641.95,0
2024-09-10,6682.8,6691.65,6628,6638.35,0
2024-09-11,6636.3,6673.1,6503.3,6522.05,0
2024-09-12,6582.75,6641.5,6542.6,6633.65,0
2024-09-13,6672.15,6762.6,6639.05,6715.3,0
2024-09-16,6745.1,6805.7,6706,6714.45,0
2024-09-17,6720.65,6724.3,6668.35,6675.4,0
2024-09-18,6673.4,6721.8,6662.25,6676.95,0
2024-09-19,6710.2,6746.3,6556.25,6633.8,0
2024-09-20,6672.75,6700.15,6608.35,6628,0
2024-09-23,6667.3,6867.7,6649.3,6853.8,0
2024-09-24,6847.95,6855.15,6788,6795,0
2024-09-25,6797.6,6798.9,6696.15,6736,0
2024-09-26,6750.25,6811.6,6693.05,6804.65,0
2024-09-27,6820.3,6873.1,6795.65,6853.75,0
2024-09-30,6834.5,6847.8,6737.8,6756.15,0
2024-10-01,6738.45,6799.55,6738.45,6762.25,0
2024-10-03,6665.8,6773.55,6633.35,6678.4,0
2024-10-04,6678.35,6825.05,6608.8,6714.65,0
2024-10-07,6750.85,6777.5,6442.2,6492.35,0
2024-10-08,6497.8,6592.95,6470.45,6580.1,0
2024-10-09,6623.7,6704.55,6576.9,6623.45,0
2024-10-10,6649.15,6706.65,6600.05,6606,0
2024-10-11,6612.55,6643,6572.4,6606,0
2024-10-14,6626.45,6674.65,6608.4,6632.25,0
2024-10-15,6647.65,6672.7,6597.5,6618.3,0
2024-10-16,6613.1,6658.95,6599.45,6618.1,0
2024-10-17,6636.8,6660.1,6569.25,6584.95,0
2024-10-18,6573.35,6693.35,6513.55,6671.25,0
2024-10-21,6694.8,6734,6589,6600,0
2024-10-22,6607.25,6614.55,6303.65,6323.85,0
2024-10-23,6332.7,6384.95,6201.95,6352.6,0
2024-10-24,6350,6480.35,6332.55,6430,0
2024-10-25,6446.9,6468.2,6188.85,6283.9,0
2024-10-28,6316.95,6559,6316.5,6521.3,0
2024-10-29,6562.75,6769.3,6505.7,6758.95,0
2024-10-30,6733.15,6817.95,6712.65,6741.55,0
2024-10-31,6720.95,6794.95,6676.55,6725.35,0
2024-11-01,6759.6,6798.7,6752.55,6778.55,0
2024-11-04,6792.95,6804.35,6608.3,6762.4,0
2024-11-05,6759,6898.95,6736.2,6886.5,0
2024-11-06,6929.05,7001.45,6890.35,6982.5,0
2024-11-07,7001.1,7038.8,6939.75,6982.75,0
2024-11-08,6985.6,6989.35,6807.8,6845.2,0
2024-11-11,6823.35,6928.6,6793.05,6878.35,0
2024-11-12,6895.95,6931.8,6726.6,6745.95,0
2024-11-13,6692.15,6742.55,6516.55,6538.15,0
2024-11-14,6549.55,6621.7,6481.15,6492.65,0
2024-11-18,6524.05,6565.5,6398.5,6534.75,0
2024-11-19,6564.85,6654.65,6472.4,6494.05,0
2024-11-21,6475.65,6477.35,6163.75,6318.9,0
2024-11-22,6350.95,6540.4,6344.75,6508.15,0
2024-11-25,6653.3,6819.55,6650.25,6779.1,0
2024-11-26,6790.05,6821.1,6759.7,6789.95,0
2024-11-27,6799.75,6824.15,6746.6,6783.95,0
2024-11-28,6804.55,6883.85,6771.95,6846.85,0
2024-11-29,6874.15,6910.05,6748.75,6813.85,0
2024-12-02,6801.6,6827.55,6758.5,6800.4,0
2024-12-03,6821.35,6985.9,6819.15,6977.5,0
2024-12-04,7000.25,7168.1,6980.95,7134.35,0
2024-12-05,7157.6,7164.4,7062.35,7125.55,0
2024-12-06,7155.25,7248.25,7056,7155.25,0
2024-12-09,7135.55,7171.65,7109.25,7114.85,0
2024-12-10,7137.3,7170.45,7101.2,7152.65,0
2024-12-11,7157.75,7182.3,7081.8,7089.05,0
2024-12-12,7081.1,7099.25,7018.95,7033.55,0
2024-12-13,7010.45,7029.2,6825.45,7020.8,0
2024-12-16,7011.1,7097.95,7008.5,7056.5,0
2024-12-17,7033.55,7062.65,6916.35,6928.05,0
2024-12-18,6913.25,6922.55,6782.05,6794.95,0
2024-12-19,6665.9,6806.65,6645.9,6754.7,0
2024-12-20,6756.4,6781.3,6564,6575.7,0
2024-12-23,6613.65,6666.25,6545,6646.5,0
2024-12-24,6653.45,6669.55,6581.35,6609.55,0
2024-12-26,6614.05,6710.35,6606.2,6630.15,0
2024-12-27,6639.5,6665,6562.65,6570.9,0
2024-12-30,6573.75,6647.25,6470.05,6493.25,0
2024-12-31,6472.9,6548.5,6470.35,6540.7,0
2025-01-01,6535.55,6569.95,6491.6,6546.65,0
2025-01-02,6557.95,6607.4,6454.5,6598.5,0
2025-01-03,6624.25,6714.7,6607.45,6619,0
2025-01-06,6619.35,6627.95,6331.15,6354.15,0
2025-01-07,6383.55,6440.65,6364.45,6385.85,0
2025-01-08,6394.4,6404.2,6268.6,6335.4,0
2025-01-09,6328.95,6332.25,6208.75,6255.3,0
2025-01-10,6248.15,6262.95,6073.5,6085.1,0
2025-01-13,6047.6,6061.65,5866.1,5897.25,0
2025-01-14,5926.85,6168.15,5926.25,6144.75,0
2025-01-15,6171.8,6203.25,6118.2,6150.95,0
2025-01-16,6228,6373.95,6226.55,6307.6,0
2025-01-17,6293.65,6316.9,6249.65,6294,0
2025-01-20,6323.55,6480.55,6297.2,6419.25,0
2025-01-21,6451.45,6455.5,6289.3,6308.15,0
2025-01-22,6319.2,6325.85,6127.65,6244.6,0
2025-01-23,6228.35,6294.35,6173.05,6238.65,0
2025-01-24,6246.25,6263.75,6136,6152.95,0
2025-01-27,6120.75,6209.9,6069.1,6093.4,0
2025-01-28,6192.35,6266.45,6106.7,6197.55,0
2025-01-29,6227.2,6261.7,6185.45,6245,0
2025-01-30,6266,6295.15,6211.45,6232.45,0
2025-01-31,6234.95,6360.9,6180.1,6317.3,0
2025-02-01,6344.55,6365.55,6140.2,6216.8,0
2025-02-03,6180.8,6180.8,6077.7,6117.6,0
2025-02-04,6176.45,6285.3,6173.85,6264.95,0
2025-02-05,6311.8,6387.55,6309.35,6329.35,0
2025-02-06,6369.6,6378.15,6270.2,6283.15,0
2025-02-07,6309.85,6311.45,6161.1,6196.75,0
2025-02-10,6206.5,6219.05,6108.5,6133.65,0
2025-02-11,6144.45,6159.5,5984.9,6001.7,0
2025-02-12,6021.2,6089.8,5858.75,6052.35,0
2025-02-13,6068.95,6095.5,5986.85,5997.85,0
2025-02-14,6023.65,6037.35,5808.65,5872.45,0
2025-02-17,5863.35,5914.7,5748.7,5904.4,0
2025-02-18,5898.95,5910.75,5803.15,5872.6,0
2025-02-19,5836.35,5973.4,5818.2,5950.9,0
2025-02-20,5930.75,6062.3,5910.1,6051.85,0
2025-02-21,6025.15,6085.15,5945.5,5970.6,0
2025-02-24,5907.85,5969.95,5885.55,5953.2,0
2025-02-25,5969.25,5985.8,5870.2,5880.75,0
2025-02-27,5910.65,5924.3,5797.8,5816.85,0
2025-02-28,5784.05,5784.05,5606.45,5652.1,0
2025-03-03,5665.75,5696.8,5530.35,5631.25,0
2025-03-04,5587.8,5755.65,5565.75,5718.9,0
2025-03-05,5724.3,5897.65,5724.3,5890.45,0
2025-03-06,5949.65,5976.75,5912.05,5929.15,0
2025-03-07,5927.2,5954.7,5900.35,5931.4,0
2025-03-10,5927.7,5950.75,5806.85,5821.15,0
2025-03-11,5778.5,5858.4,5752.15,5822.2,0
2025-03-12,5838.05,5876.4,5729.15,5759.2,0
2025-03-13,5785.9,5836.95,5740.15,5783.85,0
2025-03-17,5805.2,5815.85,5756.35,5770.25,0
2025-03-18,5798.3,5909.9,5780.65,5902.65,0
2025-03-19,5923.85,6031.5,5919.75,6019.35,0
2025-03-20,6050.25,6101.3,6011.35,6044.85,0
2025-03-21,6047.55,6141.7,6031.2,6130.95,0
2025-03-24,6183.75,6336.7,6166.25,6326.1,0
2025-03-25,6365.4,6366.1,6197.55,6216.95,0
2025-03-26,6213.3,6265,6131.9,6142.8,0
2025-03-27,6129.4,6314.8,6112.2,6296.15,0
2025-03-28,6293.5,6371.65,6242.1,6263.4,0
2025-04-01,6218.55,6321.75,6209.45,6254.4,0
2025-04-02,6272.9,6310.6,6172.3,6300.85,0
2025-04-03,6237.5,6477.05,6237,6423.2,0
2025-04-04,6435.15,6472.05,6238.6,6266.95,0
2025-04-07,5905.6,6117.65,5904.1,6089.2,0
2025-04-08,6200.45,6270.3,6147.15,6249.95,0
2025-04-09,6238.55,6248.4,6075.65,6092.55,0
2025-04-11,6200.65,6210.75,6129.45,6171.3,0
2025-04-15,6292.25,6292.25,6214.3,6268.4,0
2025-04-16,6277.9,6424.7,6257.15,6417.05,0
2025-04-17,6423.6,6542.85,6403.35,6522.5,0
2025-04-21,6554.65,6718.35,6549.75,6683.9,0
2025-04-22,6732.15,6838.55,6681,6734.3,0
2025-04-23,6769.9,6782.7,6619.3,6696,0
2025-04-24,6689.15,6749.1,6671.9,6685.4,0
2025-04-25,6695.65,6718.2,6469.8,6535.5,0
2025-04-28,6535.75,6725.55,6534.25,6695,0
2025-04-29,6745.7,6845.4,6670.9,6691.4,0
2025-04-30,6677.25,6677.25,6517.7,6542.25,0
2025-05-02,6546.05,6624.75,6512.45,6554.45,0
2025-05-05,6512.5,6591.7,6502.5,6552.1,0
2025-05-06,6578.35,6600.25,6214.85,6235.2,0
2025-05-07,6179.6,6329.15,6177.8,6253.15,0
2025-05-08,6292.55,6311.9,6138.35,6168.45,0
2025-05-09,6065.2,6281.45,6062,6266.45,0
2025-05-12,6459.8,6483.3,6413.1,6471.4,0
2025-05-13,6464.3,6605.6,6461.3,6572.5,0
2025-05-14,6606.55,6641.2,6555.65,6609.6,0
2025-05-15,6634.45,6638.4,6572,6621.65,0
2025-05-16,6625.6,6653.85,6606.6,6628.6,0
2025-05-19,6648.45,6798.35,6636.25,6725.3,0
2025-05-20,6773.9,6782.1,6646.5,6662.55,0
2025-05-21,6667.45,6718.6,6619.05,6707.1,0
2025-05-22,6687.25,6727.85,6613.3,6667.95,0
2025-05-23,6683.5,6728.2,6667.95,6702.7,0
2025-05-26,6721.95,6757.75,6683.6,6714.3,0
2025-05-27,6721.6,6747.05,6658.7,6731.5,0
2025-05-28,6736.9,6801.95,6724.1,6797.1,0
2025-05-29,6836.2,6836.2,6740.6,6780.7,0
2025-05-30,6791.45,6993.15,6731.3,6976,0
2025-06-02,7010.45,7151.7,6985.3,7125.95,0
2025-06-03,7167.35,7187.05,7040.25,7084.05,0
2025-06-04,7119.95,7144,7027.85,7100.85,0
2025-06-05,7120.25,7127.5,7031.35,7059.65,0
2025-06-06,7082.15,7147.95,6993.7,7100.3,0
2025-06-09,7155.15,7249.95,7152.2,7208.45,0
2025-06-10,7233.3,7234.55,7152.8,7170.85,0
2025-06-11,7182.3,7182.55,7069.15,7107.75,0
2025-06-12,7125.85,7127.95,7001.6,7017.5,0
2025-06-13,6832.95,6959.15,6832.95,6934.85,0
2025-06-16,6924.9,6968.75,6846.65,6952.9,0
2025-06-17,6969.6,7026.35,6894,6903.1,0
2025-06-18,6903.4,6933.2,6847.25,6874.65,0
2025-06-19,6862.4,6874.7,6709.1,6734.3,0
2025-06-20,6749.2,6899.5,6749.05,6844.75,0
2025-06-23,6782.7,6870.05,6782.7,6839.55,0
2025-06-24,6927.4,7014.9,6923.15,6939.1,0
2025-06-25,6965.8,6978.85,6941.85,6952.95,0
2025-06-26,6973.45,6990.2,6889.6,6982.65,0
2025-06-27,7019.2,7107.5,7007.65,7015.5,0
2025-06-30,7053.55,7212.1,7046.85,7202.4,0
2025-07-01,7208.85,7271.15,7123.65,7253.6,0
2025-07-02,7254.9,7270.85,7152.15,7193.65,0
2025-07-03,7202.55,7221.05,7121.15,7129.9,0
2025-07-04,7140.9,7167.55,7108.25,7152.95,0
2025-07-07,7150.45,7212.45,7127.3,7141.25,0
2025-07-08,7144.3,7162.55,7076.05,7123.2,0
2025-07-09,7102.9,7110.55,7072.3,7092.35,0
2025-07-10,7100.1,7113.35,7015.5,7035.6,0
2025-07-11,7028.9,7076.25,6982.3,7025.75,0
2025-07-14,7030.85,7138.75,7019.5,7076.7,0
2025-07-15,7089.95,7177.7,7089.1,7138.35,0
2025-07-16,7140.9,7304.8,7136.45,7267.2,0
2025-07-17,7302.9,7304.8,7200.65,7209.9,0
2025-07-18,7217.5,7240.25,7146.75,7162.5,0
2025-07-21,7163.25,7174.2,7075.85,7118.1,0
2025-07-22,7148.45,7148.45,6999.7,7006.35,0
2025-07-23,7007.8,7057.25,6960.65,7037.5,0
2025-07-24,7053.75,7138.85,6979.5,7124.8,0
2025-07-25,7120.7,7163.95,6994.55,7003.65,0
2025-07-28,6984.25,7062.2,6911.4,6919.5,0
2025-07-29,6897.6,6963.8,6889.85,6953.5,0
2025-07-30,6960.75,6981.45,6899.45,6907.7,0
2025-07-31,6840.7,6911.5,6792.6,6850.95,0
2025-08-01,6848.15,6857.6,6761,6773.35,0
2025-08-04,6779.35,6866.1,6770.25,6858.9,0
2025-08-05,6863.55,6896.05,6819.15,6848.65,0
2025-08-06,6857.1,6935.2,6814.45,6889.05,0
2025-08-07,6854.95,6918.8,6787.95,6909.3,0
2025-08-08,6904.45,6930.2,6840.95,6881.25,0
2025-08-11,6893.5,7042.9,6893.5,7032.7,0
2025-08-12,7045.25,7064.5,7017.6,7026.9,0
2025-08-13,7042.9,7068.2,6997.95,7017.15,0
2025-08-14,7025.05,7057.05,6997.6,7025.25,0
2025-08-18,7091.45,7100.35,7039.5,7053.8,0
2025-08-19,7055.75,7125.55,7034.75,7122.85,0
2025-08-20,7113.1,7146.9,7097.25,7103.55,0
2025-08-21,7111.05,7149.5,7070.45,7077.25,0
2025-08-22,7067.55,7094.35,6995.2,6998.1,0
2025-08-25,7011,7042,6973.5,6980.35,0
2025-08-26,6967.15,6977.5,6843,6849.5,0
2025-08-28,6845.7,6867.9,6773.55,6778.9,0
2025-08-29,6769,6815.85,6730.3,6756.05,0
2025-09-01,6765,6837.2,6764.95,6830.95,0
2025-09-02,6835,6904.85,6810.1,6850.1,0
2025-09-03,6859,6927.65,6855.55,6920.75,0
2025-09-04,6952.4,6971.2,6837.7,6844.25,0
2025-09-05,6859.6,6886.35,6799.85,6855.7,0
2025-09-08,6874.7,6932.3,6867.7,6889.2,0
2025-09-09,6901,6908.35,6865.35,6879.9,0
2025-09-10,6905.1,7053.85,6902.05,7023.85,0
2025-09-11,7041.15,7142.25,7034.5,7076.15,0
2025-09-12,7092.75,7097.85,7027.75,7057.05,0
2025-09-15,7060.1,7125.9,7056.2,7099.3,0
2025-09-16,7112,7144.55,7072.6,7129.65,0
2025-09-17,7144.95,7321.25,7123.55,7315.9,0
2025-09-18,7338.3,7384.45,7271.5,7304,0
2025-09-19,7309.9,7428.8,7307.3,7397.75,0
2025-09-22,7395.2,7460.25,7362.6,7370.95,0
2025-09-23,7368.8,7473,7313.65,7451.1,0
2025-09-24,7493.75,7567.5,7420.65,7431.95,0
2025-09-25,7432.7,7461.05,7382.1,7393.35,0
2025-09-26,7390.7,7398.4,7241.5,7261.45,0
2025-09-29,7275.7,7410.7,7275.25,7390.75,0
2025-09-30,7404.35,7548.15,7395.8,7526.75,0
2025-10-01,7540.05,7555.8,7437,7499.2,0
2025-10-03,7508.7,7612.35,7502.25,7583.3,0
2025-10-06,7606.8,7651.25,7570.85,7615.15,0
2025-10-07,7623.65,7644.75,7570.15,7583.75,0
2025-10-08,7601.55,7602.7,7484.5,7523.45,0
2025-10-09,7539.5,7600.45,7513.3,7569.3,0
2025-10-10,7577.7,7722,7570.45,7695.8,0
2025-10-13,7686.75,7743,7636.1,7713.95,0
2025-10-14,7715.45,7725.7,7576.05,7596.5,0
2025-10-15,7610.75,7748.85,7610.65,7723.1,0
2025-10-16,7744.8,7774.3,7681.9,7688.75,0
2025-10-17,7702.55,7721.75,7585.55,7638.75,0
2025-10-20,7683,7906.95,7678.2,7857.85,0
2025-10-21,7882.3,7901.95,7838.2,7853.3,0
2025-10-23,7877.25,7963.55,7837.85,7875.35,0
2025-10-24,7876.25,7902.95,7774.5,7817.4,0
2025-10-27,7844.2,8053.4,7832,7990.65,0
2025-10-28,8029.1,8118.95,7974.5,8087.65,0
2025-10-29,8103.7,8129.05,8059.65,8089.45,0
2025-10-30,8093.6,8143.8,8043.6,8058.75,0
2025-10-31,8063.65,8272.3,8049.8,8184.35,0
2025-11-03,8235.4,8373.75,8224.4,8341.35,0
2025-11-04,8347.5,8366.15,8274.35,8332.3,0
2025-11-06,8391,8391.55,8265.25,8280.4,0
2025-11-07,8252.05,8387.7,8158.1,8352.15,0
2025-11-10,8369.6,8422.85,8295.65,8340.7,0
2025-11-11,8346,8354.65,8200.2,8307.95,0
2025-11-12,8346.4,8407.05,8327.45,8359.75,0
2025-11-13,8355.4,8417.55,8294.15,8303.05,0
2025-11-14,8292.95,8413.85,8292.25,8399.9,0
2025-11-17,8437.75,8549.1,8428.8,8491.65,0
2025-11-18,8508.2,8532,8444.1,8477.75,0
2025-11-19,8483.85,8584.95,8437.6,8576.4,0
2025-11-20,8619.1,8624.8,8483.9,8500.35,0
2025-11-21,8477.45,8487,8370.1,8378.7,0
2025-11-24,8394.7,8447.4,8346.4,8365.75,0
2025-11-25,8381.3,8517.6,8355.05,8486.5,0
2025-11-26,8519.4,8665.7,8511.6,8551.95,0
2025-11-27,8581.65,8591,8462.6,8502.1,0
2025-11-28,8516.05,8552.6,8480.7,8514.4,0
2025-12-01,8551.15,8628.6,8497.15,8535.7,0
2025-12-02,8553.2,8650.8,8502.95,8514.9,0
2025-12-03,8539.05,8541.6,8215.3,8253.2,0
2025-12-04,8244.3,8309.25,8227.1,8256.7,0
2025-12-05,8256.45,8398.3,8240.3,8381.75,0
2025-12-08,8369.95,8383.1,8101.55,8146.1,0
2025-12-09,8118.4,8264.4,8063.2,8251.3,0
2025-12-10,8253.4,8303.05,8163.4,8193.55,0
2025-12-11,8214.15,8272.6,8184.75,8235.35,0
2025-12-12,8252.1,8275.6,8189,8247.8,0
2025-12-15,8218.3,8308.5,8197.25,8285.75,0
2025-12-16,8276.3,8289.15,8191.65,8212,0
2025-12-17,8216.55,8342.3,8213.35,8318.3,0
2025-12-18,8332.65,8369.85,8260.45,8325.45,0
2025-12-19,8342.45,8381.7,8300.4,8357.3,0
2025-12-22,8379.45,8408.9,8347.2,8376.45,0
2025-12-23,8399.5,8417.45,8328.55,8347.6,0
2025-12-24,8366.15,8374.75,8303.35,8309.5,0
2025-12-26,8304.4,8327.5,8269.5,8287.45,0
2025-12-29,8257.85,8320,8255.05,8291.45,0
2025-12-30,8275.65,8449.9,8230.8,8431.5,0
2025-12-31,8443.8,8587.25,8415.95,8533.15,0
2026-01-01,8545.6,8609.05,8512.25,8571.45,0
2026-01-02,8588.8,8744.15,8585.35,8699.9,0
2026-01-05,8744.15,8843.25,8683.15,8739.8,0
2026-01-06,8761.25,8856.85,8738.65,8790.95,0
2026-01-07,8803.75,8825,8718.35,8767.65,0
2026-01-08,8755.5,8775.35,8564.35,8585.35,0
2026-01-09,8578.95,8729.55,8557.4,8601.05,0
2026-01-12,8631.6,8678.95,8501.65,8657.2,0
2026-01-13,8709.1,8741.65,8649.45,8725,0
2026-01-14,8743.45,8924.85,8673.85,8910.65,0
2026-01-16,8926.75,9071.75,8923.75,9014.25,0
2026-01-19,8995.6,9069.45,8932.05,8986.7,0
2026-01-20,8994.05,9093.65,8847.45,8868.85,0
2026-01-21,8836.2,8927.85,8705.45,8779.4,0
2026-01-22,8857.65,9018.35,8857.6,8984.8,0
2026-01-23,9030.1,9030.1,8753.75,8781.05,0
2026-01-27,8825.95,8965.85,8771.15,8935.75,0
2026-01-28,8985.1,9093.7,8888.35,9085.8,0
2026-01-29,9098.5,9175.55,8991.15,9014.2,0
2026-01-30,8991.25,9077.6,8913.55,9019.35,0
2026-02-01,8969.3,8996.4,8387.95,8517.2,0
2026-02-02,8515,8610.35,8313.7,8591.7,0
2026-02-03,8996.7,9099.9,8701.8,8819.6,0
2026-02-04,8818.3,8924.35,8747.4,8887.5,0
2026-02-05,8890.45,8979.4,8882.5,8921.7,0
2026-02-06,8902.45,8937.05,8758.3,8876.2,0
2026-02-09,9093.85,9202.35,9027.9,9172.85,0
2026-02-10,9203,9207.4,9123.4,9155.75,0
2026-02-11,9168.9,9280.55,9051.4,9250.2,0
2026-02-12,9246.9,9294.6,9186.55,9229.45,0
2026-02-13,9180.45,9198.5,9122.55,9166.5,0
2026-02-16,9124,9328.55,9083.6,9304.4,0
2026-02-17,9302.15,9547.75,9273.65,9500.8,0
2026-02-18,9537.3,9647,9518.85,9625.65,0
2026-02-19,9637.75,9676.05,9464.65,9505.95,0
2026-02-20,9493.25,9691.1,9470.5,9665.8,0
2026-02-23,9724.9,9846.8,9699.55,9796.85,0
2026-02-24,9801.35,9890.55,9749.3,9825.05,0
2026-02-25,9855.6,9872.9,9724.2,9787.2,0
2026-02-26,9804.5,9918.65,9735.4,9879.85,0
2026-02-27,9871.5,9904,9783.35,9820.45,0
2026-03-02,9538.05,9742.4,9526.5,9639.35,0
2026-03-04,9479.4,9515.6,9227.1,9327.25,0
2026-03-05,9389.3,9448.95,9235.9,9372.6,0
2026-03-06,9336.1,9356.7,9162.4,9184.35,0
2026-03-09,8919.3,8920.1,8595.8,8819.3,0
2026-03-10,8945.2,9048.65,8873.1,9013.8,0
2026-03-11,9038.85,9060.7,8826.65,8848.4,0
2026-03-12,8745.85,8953.3,8659.3,8846.05,0
2026-03-13,8788.85,8807.1,8498.85,8516.55,0
2026-03-16,8501.55,8622.1,8364.7,8568.4,0
2026-03-17,8611,8624.15,8456.85,8596.95,0
2026-03-18,8615.6,8704.5,8610.8,8661.95,0
2026-03-19,8483.1,8523.55,8353.2,8410.3,0
2026-03-20,8496.95,8731.45,8496.95,8584.6,0
2026-03-23,8443.25,8448.3,8188.6,8231.65,0
2026-03-24,8429.6,8449.3,8287.85,8357.55,0
2026-03-25,8457.3,8645.7,8457.3,8581.05,0
2026-03-27,8499.95,8508.05,8233.1,8249.45,0
2026-03-30,8098.9,8129.15,7850.75,7873.45,0
2026-04-01,8139.45,8257.3,8035.9,8164.8,0
2026-04-02,8014.9,8178.7,7833.45,8134.4,0
2026-04-06,8176.05,8338.65,8074.15,8323.95,0
2026-04-07,8267.85,8280.4,8157.9,8264.8,0
2026-04-08,8611,8749.55,8600.7,8716.1,0
2026-04-09,8709.5,8789.55,8581.05,8605.7,0
2026-04-10,8693.35,8789.4,8668.3,8778.25,0
2026-04-13,8538.9,8730.4,8451.5,8713.9,0
2026-04-15,8858.2,8948.7,8777.45,8812.4,0
2026-04-16,8858.9,8898.35,8750.9,8797.6,0
2026-04-17,8799.25,8879.4,8752.45,8862.9,0
2026-04-20,8875.65,9039.15,8806.95,8940.45,0
2026-04-21,8992.95,9055.95,8966.8,9011.45,0
2026-04-22,8999.4,9095.7,8971.15,9022.2,0
2026-04-23,8983.25,8987.45,8753.7,8824.25,0
2026-04-24,8819.55,8864.4,8711.25,8811.2,0
2026-04-27,8865.55,8927.5,8808.45,8853.7,0
2026-04-28,8720.25,8778.6,8651,8663.05,0
2026-04-29,8692.55,8789.5,8606.25,8627.7,0
2026-04-30,8556.4,8556.4,8415.25,8482.6,0
2026-05-04,8495.5,8637.95,8441,8455.8,0
2026-05-05,8430.85,8492.45,8372.45,8439.25,0
2026-05-06,8574,8700.55,8461.9,8679.15,0
2026-05-07,8741.55,8745.15,8597.4,8636.6,0
2026-05-08,8612.05,8613.55,8320.35,8371.95,0
2026-05-11,8318.25,8318.3,8144.35,8161.05,0
2026-05-12,8120.8,8215.4,8054.6,8071.35,0
2026-05-13,8093.8,8135.9,7974.8,8064.2,0
2026-05-14,8105.2,8233.8,8014.95,8174.4,0
2026-05-15,8164.9,8166.95,8016.25,8027.2,0
2026-05-18,7949.9,7957.4,7809.15,7873,0
2026-05-19,7898.45,7974,7882.25,7936.4,0
2026-05-20,7874.25,7983.2,7823.75,7970.9,0
2026-05-21,8051.45,8079.3,7967,7988.35,0
2026-05-22,7991.45,8037.65,7978.8,8006.15,0
2026-05-25,8102.4,8258.05,8093.25,8238.1,0
2026-05-26,8259.15,8299.35,8165.8,8200.2,0
2026-05-27,8207.8,8266.55,8196.9,8225.45,0
2026-05-29,8244.2,8300.65,8127.3,8156.15,0
2026-06-01,8187.35,8212.8,7982.85,8005.5,0
2026-06-02,7972.75,8070.85,7913.15,8049.15,0
2026-06-03,8044.75,8206.85,7948.2,8185.9,0
2026-06-04,8162.9,8258.55,8110.9,8219.35,0
2026-06-05,8239.65,8361.75,8200.35,8259.05,0
2026-06-08,8171.15,8346.95,8165.7,8199.55,0
2026-06-09,8221.55,8509,8217.3,8496.6,0
2026-06-10,8497.15,8539.3,8358.7,8378.7,0
2026-06-11,8314.85,8358.05,8260.65,8303.95,0
2026-06-12,8446.95,8537.7,8385.75,8528.75,0
2026-06-15,8663.55,8721.85,8562.6,8581.3,0
2026-06-16,8617.15,8635.15,8494.75,8563.2,0
2026-06-17,8590.6,8725.1,8534.65,8713.1,0
2026-06-18,8743.05,8800.15,8703.15,8770.7,0
2026-06-19,8757.15,8759.15,8665.9,8716.5,0
2026-06-22,8737.4,8772.7,8697.25,8763.9,0
2026-06-23,8778.95,8782.2,8576.9,8591,0
2026-06-24,8577.7,8676.8,8552.8,8628.2,0
2026-06-25,8684.5,8704.25,8617.35,8636.1,0
2026-06-29,8631.4,8654.45,8498.15,8553.85,0
2026-06-30,8583.15,8598.7,8481.4,8492.65,0
2026-07-01,8525.2,8596.45,8476.7,8576.6,0
2026-07-02,8622.2,8628.85,8504.6,8539.35,0
2026-07-03,8554.6,8554.6,8369.9,8407.6,0
2026-07-06,8409.65,8437.6,8327.7,8333.95,0
2026-07-07,8351.9,8382.85,8286.55,8298.3,0
2026-07-08,8238,8269.5,8034.2,8072.3,0
2026-07-09,8096.25,8226.4,8089.8,8203.2,0
2026-07-10,8255.15,8561.2,8253.3,8451.6,0
2026-07-13,8374.55,8497.8,8346.85,8460.6,0
2026-07-14,8423.65,8447.1,8280.55,8307.9,0
2026-07-15,8334.05,8465.05,8326.75,8386.85,0
2026-07-16,8414.75,8419.25,8330.55,8347.9,0
2026-07-17,8352.45,8403.95,8321.95,8381.75,0
2026-07-20,8397.25,8643.5,8381.1,8615.1,0
2026-07-21,8603.1,8705.1,8530.8,8538.95,0
2026-07-22,8532.1,8532.1,8351.15,8381.8,0
2026-07-23,8359.05,8381.55,8267.6,8297.65,0
2026-07-24,8243.25,8367.25,8202.3,8345.65,0
2026-07-27,8388.45,8423.95,8339.5,8364.15,0
2026-07-28,8355.95,8366.7,8263.05,8284.2,0
2026-07-29,8318.05,8361,8299.95,8317.15,0
2026-07-30,8311.25,8343.6,8258.35,8327.65,0
2026-07-31,8359.1,8403.85,8334.4,8367.2,0
2026-08-03,8418.75,8534.95,8415.3,8486.7,0
2026-08-04,8499.8,8524.5,8429.9,8479.9,0
2026-08-05,8517.5,8597.85,8495,8541.3,0
2026-08-06,8547.85,8731,8525.9,8729.25,0
2026-08-07,8702.6,8869.8,8672.2,8786.2,0
2026-08-10,8818.1,8856.8,8621.45,8639.8,0
2026-08-11,8645.45,8668.55,8557.4,8640.25,0
2026-08-12,8634.35,8832.8,8624.9,8817.5,0
2026-08-13,8817.65,8850.25,8750.85,8788.95,0
2026-08-14,8788,8800.85,8710.85,8738.8,0
2026-08-17,8714.75,8739.05,8597.45,8706.2,0
2026-08-18,8673.2,8744.95,8617.9,8618.5,0
2026-08-19,8621,8651.7,8579.9,8617.65,0
2026-08-20,8657.35,8678.4,8611.3,8616.65,0
2026-08-21,8631.5,8637.8,8564.8,8620,0
2026-08-24,8612.8,8630.75,8499.4,8539.75,0
2026-08-25,8520.6,8604.9,8488.1,8603.65,0
2026-08-26,8642.35,8762.45,8638.1,8669.5,0
2026-08-27,8703.9,8708.25,8574.25,8587.8,0
2026-08-28,8593.75,8608.4,8557.5,8604.3,0
2026-08-31,8561,8609.6,8451.8,8609.55,0
2026-09-01,8562.5,8581.35,8463.25,8505.75,0
2026-09-02,8457.2,8558.85,8419.3,8511.7,0
2026-09-03,8559.9,8658.55,8541.9,8552.6,0
2026-09-04,8574.35,8603.75,8514.75,8514.85,0
2026-09-07,8526.95,8553.95,8396.5,8424.65,0
2026-09-08,8412.05,8444.25,8381,8412.35,0
2026-09-09,8370.25,8433.95,8344.5,8369.2,0
2026-09-10,8373.45,8487.8,8353.75,8401.85,0
2026-09-11,8331,8376.25,8262.7,8349.9,0
2026-09-15,8347.6,8375.05,8158.4,8158.5,0
2026-09-16,8200.55,8300,8173.5,8275.9,0
2026-09-17,8265.15,8392.1,8240.7,8262.8,0
2026-09-18,8292.55,8320.7,8258.2,8317.55,0
2026-09-21,8304.15,8328.45,8280.75,8312.4,0
2026-09-22,8331.3,8351.65,8313.75,8330.2,0
