360ONE,MID_CAP,2026-09-15
3MINDIA,MID_CAP,2026-09-15
63MOONS,SMALL_CAP,2026-09-15
AADHARHFC,MID_CAP,2026-09-15
AARTIDRUGS,SMALL_CAP,2026-09-15
AARTIIND,MID_CAP,2026-09-15
AARTIPHARM,SMALL_CAP,2026-09-15
AAVAS,MID_CAP,2026-09-15
ABB,LARGE_CAP,2026-09-15
ABBOTINDIA,LARGE_CAP,2026-09-15
ABCAPITAL,LARGE_CAP,2026-09-15
ABDL,MID_CAP,2026-09-15
ABFRL,SMALL_CAP,2026-09-15
ABLBL,MID_CAP,2026-09-15
ABREL,MID_CAP,2026-09-15
ABSLAMC,MID_CAP,2026-09-15
ACC,MID_CAP,2026-09-15
ACE,MID_CAP,2026-09-15
ACI,SMALL_CAP,2026-09-15
ACMESOLAR,MID_CAP,2026-09-15
ACUTAAS,MID_CAP,2026-09-15
ADANIENSOL,LARGE_CAP,2026-09-15
ADANIENT,LARGE_CAP,2026-09-15
ADANIGREEN,LARGE_CAP,2026-09-15
ADANIPORTS,LARGE_CAP,2026-09-15
ADANIPOWER,LARGE_CAP,2026-09-15
ADSL,MICRO_CAP,2026-09-15
ADVAIT,SMALL_CAP,2026-09-15
ADVANCE,MICRO_CAP,2026-09-15
ADVENZYMES,SMALL_CAP,2026-09-15
AEGISLOG,MID_CAP,2026-09-15
AEGISVOPAK,MID_CAP,2026-09-15
AEQUS,MID_CAP,2026-09-15
AEROENTER,SMALL_CAP,2026-09-15
AEROFLEX,SMALL_CAP,2026-09-15
AETHER,MID_CAP,2026-09-15
AFCONS,SMALL_CAP,2026-09-15
AFFLE,MID_CAP,2026-09-15
AGARWALEYE,MID_CAP,2026-09-15
AGI,SMALL_CAP,2026-09-15
AGIIL,SMALL_CAP,2026-09-15
AHLUCONT,SMALL_CAP,2026-09-15
AIAENG,MID_CAP,2026-09-15
AIIL,MID_CAP,2026-09-15
AJANTPHARM,MID_CAP,2026-09-15
AJAXENGG,SMALL_CAP,2026-09-15
AJMERA,SMALL_CAP,2026-09-15
AKUMS,MID_CAP,2026-09-15
ALEMBICLTD,SMALL_CAP,2026-09-15
ALGOQUANT,SMALL_CAP,2026-09-15
ALIVUS,MID_CAP,2026-09-15
ALKEM,LARGE_CAP,2026-09-15
ALKYLAMINE,SMALL_CAP,2026-09-15
ALLCARGO,SMALL_CAP,2026-09-15
ALLTIME,SMALL_CAP,2026-09-15
ALOKINDS,SMALL_CAP,2026-09-15
AMAGI,MID_CAP,2026-09-15
AMBER,MID_CAP,2026-09-15
AMBUJACEM,LARGE_CAP,2026-09-15
ANANDRATHI,MID_CAP,2026-09-15
ANANTRAJ,MID_CAP,2026-09-15
ANGELONE,MID_CAP,2026-09-15
ANTELOPUS,SMALL_CAP,2026-09-15
ANTHEM,LARGE_CAP,2026-09-15
ANUP,SMALL_CAP,2026-09-15
ANURAS,MID_CAP,2026-09-15
APARINDS,LARGE_CAP,2026-09-15
APEX,SMALL_CAP,2026-09-15
APLAPOLLO,LARGE_CAP,2026-09-15
APLLTD,MID_CAP,2026-09-15
APOLLO,MID_CAP,2026-09-15
APOLLOHOSP,LARGE_CAP,2026-09-15
APOLLOPIPE,SMALL_CAP,2026-09-15
APOLLOTYRE,MID_CAP,2026-09-15
APTUS,MID_CAP,2026-09-15
AQYLON,MICRO_CAP,2026-09-15
ARE&M,MID_CAP,2026-09-15
ARFIN,SMALL_CAP,2026-09-15
ARIHANTCAP,MICRO_CAP,2026-09-15
ARIS,MICRO_CAP,2026-09-15
ARKADE,SMALL_CAP,2026-09-15
ARMANFIN,SMALL_CAP,2026-09-15
ARSSBL,SMALL_CAP,2026-09-15
ARTEMISMED,SMALL_CAP,2026-09-15
ARVIND,MID_CAP,2026-09-15
ARVINDFASN,SMALL_CAP,2026-09-15
ARVSMART,SMALL_CAP,2026-09-15
ASAHIINDIA,MID_CAP,2026-09-15
ASALCBR,SMALL_CAP,2026-09-15
ASHAPURMIN,SMALL_CAP,2026-09-15
ASHOKA,SMALL_CAP,2026-09-15
ASHOKLEY,LARGE_CAP,2026-09-15
ASIANENE,SMALL_CAP,2026-09-15
ASIANPAINT,LARGE_CAP,2026-09-15
ASIANTILES,SMALL_CAP,2026-09-15
ASKAUTOLTD,MID_CAP,2026-09-15
ASTEC,SMALL_CAP,2026-09-15
ASTERDM,MID_CAP,2026-09-15
ASTRAL,MID_CAP,2026-09-15
ASTRAMICRO,MID_CAP,2026-09-15
ASTRAZEN,MID_CAP,2026-09-15
ATALREAL,MICRO_CAP,2026-09-15
ATGL,LARGE_CAP,2026-09-15
ATLANTAELE,MID_CAP,2026-09-15
ATUL,MID_CAP,2026-09-15
ATULAUTO,SMALL_CAP,2026-09-15
AUBANK,LARGE_CAP,2026-09-15
AURIONPRO,SMALL_CAP,2026-09-15
AUROPHARMA,LARGE_CAP,2026-09-15
AVALON,MID_CAP,2026-09-15
AVANTEL,SMALL_CAP,2026-09-15
AVANTIFEED,MID_CAP,2026-09-15
AVL,SMALL_CAP,2026-09-15
AWFIS,SMALL_CAP,2026-09-15
AWHCL,MICRO_CAP,2026-09-15
AWL,MID_CAP,2026-09-15
AXISBANK,LARGE_CAP,2026-09-15
AXISCADES,SMALL_CAP,2026-09-15
AYE,SMALL_CAP,2026-09-15
AZAD,MID_CAP,2026-09-15
BAJAJ-AUTO,LARGE_CAP,2026-09-15
BAJAJCON,SMALL_CAP,2026-09-15
BAJAJELEC,SMALL_CAP,2026-09-15
BAJAJFINSV,LARGE_CAP,2026-09-15
BAJAJHCARE,SMALL_CAP,2026-09-15
BAJAJHFL,LARGE_CAP,2026-09-15
BAJAJHIND,SMALL_CAP,2026-09-15
BAJAJHLDNG,LARGE_CAP,2026-09-15
BAJFINANCE,LARGE_CAP,2026-09-15
BALAMINES,SMALL_CAP,2026-09-15
BALKRISIND,MID_CAP,2026-09-15
BALMLAWRIE,SMALL_CAP,2026-09-15
BALRAMCHIN,MID_CAP,2026-09-15
BALUFORGE,SMALL_CAP,2026-09-15
BANCOINDIA,SMALL_CAP,2026-09-15
BANDHANBNK,MID_CAP,2026-09-15
BANKBARODA,LARGE_CAP,2026-09-15
BANKINDIA,LARGE_CAP,2026-09-15
BANSALWIRE,SMALL_CAP,2026-09-15
BASF,MID_CAP,2026-09-15
BATAINDIA,SMALL_CAP,2026-09-15
BAYERCROP,MID_CAP,2026-09-15
BBL,SMALL_CAP,2026-09-15
BBOX,MID_CAP,2026-09-15
BBTC,SMALL_CAP,2026-09-15
BCG,SMALL_CAP,2026-09-15
BDL,MID_CAP,2026-09-15
BECTORFOOD,SMALL_CAP,2026-09-15
BEL,LARGE_CAP,2026-09-15
BELRISE,MID_CAP,2026-09-15
BEML,MID_CAP,2026-09-15
BEPL,SMALL_CAP,2026-09-15
BERGEPAINT,LARGE_CAP,2026-09-15
BHARATCOAL,MID_CAP,2026-09-15
BHARATFORG,LARGE_CAP,2026-09-15
BHARATRAS,SMALL_CAP,2026-09-15
BHARATSE,SMALL_CAP,2026-09-15
BHARTIARTL,LARGE_CAP,2026-09-15
BHARTIHEXA,LARGE_CAP,2026-09-15
BHEL,LARGE_CAP,2026-09-15
BIKAJI,MID_CAP,2026-09-15
BIOCON,LARGE_CAP,2026-09-15
BIRLACORPN,SMALL_CAP,2026-09-15
BLACKBUCK,MID_CAP,2026-09-15
BLS,SMALL_CAP,2026-09-15
BLSE,SMALL_CAP,2026-09-15
BLUEDART,MID_CAP,2026-09-15
BLUEJET,SMALL_CAP,2026-09-15
BLUESTARCO,MID_CAP,2026-09-15
BLUESTONE,MID_CAP,2026-09-15
BOMDYEING,SMALL_CAP,2026-09-15
BOROLTD,SMALL_CAP,2026-09-15
BORORENEW,SMALL_CAP,2026-09-15
BOSCHLTD,LARGE_CAP,2026-09-15
BPCL,LARGE_CAP,2026-09-15
BRIGADE,MID_CAP,2026-09-15
BRITANNIA,LARGE_CAP,2026-09-15
BSE,LARGE_CAP,2026-09-15
BSOFT,SMALL_CAP,2026-09-15
BUILDPRO,SMALL_CAP,2026-09-15
CAMLINFINE,SMALL_CAP,2026-09-15
CAMPUS,SMALL_CAP,2026-09-15
CAMS,MID_CAP,2026-09-15
CANBK,LARGE_CAP,2026-09-15
CANFINHOME,MID_CAP,2026-09-15
CANHLIFE,MID_CAP,2026-09-15
CANTABIL,SMALL_CAP,2026-09-15
CAPACITE,SMALL_CAP,2026-09-15
CAPILLARY,SMALL_CAP,2026-09-15
CAPLIPOINT,MID_CAP,2026-09-15
CARBORUNIV,MID_CAP,2026-09-15
CARERATING,SMALL_CAP,2026-09-15
CARRARO,SMALL_CAP,2026-09-15
CARTRADE,MID_CAP,2026-09-15
CARYSIL,SMALL_CAP,2026-09-15
CASTROLIND,MID_CAP,2026-09-15
CCAVENUE,SMALL_CAP,2026-09-15
CCL,MID_CAP,2026-09-15
CDSL,MID_CAP,2026-09-15
CEATLTD,MID_CAP,2026-09-15
CEIGALL,SMALL_CAP,2026-09-15
CEINSYS,SMALL_CAP,2026-09-15
CELLO,SMALL_CAP,2026-09-15
CEMPRO,MID_CAP,2026-09-15
CENTRALBK,MID_CAP,2026-09-15
CENTUM,SMALL_CAP,2026-09-15
CENTURYPLY,MID_CAP,2026-09-15
CERA,SMALL_CAP,2026-09-15
CESC,MID_CAP,2026-09-15
CEWATER,MICRO_CAP,2026-09-15
CGCL,MID_CAP,2026-09-15
CGPOWER,LARGE_CAP,2026-09-15
CHALET,MID_CAP,2026-09-15
CHAMBLFERT,MID_CAP,2026-09-15
CHEMPLASTS,SMALL_CAP,2026-09-15
CHENNPETRO,MID_CAP,2026-09-15
CHOICEIN,MID_CAP,2026-09-15
CHOLAFIN,LARGE_CAP,2026-09-15
CHOLAHLDNG,MID_CAP,2026-09-15
CIEINDIA,MID_CAP,2026-09-15
CIPLA,LARGE_CAP,2026-09-15
CLEAN,SMALL_CAP,2026-09-15
CLEANMAX,MID_CAP,2026-09-15
CMPDI,MID_CAP,2026-09-15
CMSINFO,SMALL_CAP,2026-09-15
COALINDIA,LARGE_CAP,2026-09-15
COCHINSHIP,MID_CAP,2026-09-15
COCKERILL,SMALL_CAP,2026-09-15
COFORGE,LARGE_CAP,2026-09-15
COHANCE,MID_CAP,2026-09-15
COLPAL,MID_CAP,2026-09-15
CONCOR,MID_CAP,2026-09-15
CONCORDBIO,MID_CAP,2026-09-15
CONFIPET,SMALL_CAP,2026-09-15
COROMANDEL,LARGE_CAP,2026-09-15
CORONA,MID_CAP,2026-09-15
COSMOFIRST,SMALL_CAP,2026-09-15
CPPLUS,MID_CAP,2026-09-15
CRAFTSMAN,MID_CAP,2026-09-15
CRAMC,SMALL_CAP,2026-09-15
CREDITACC,MID_CAP,2026-09-15
CRISIL,MID_CAP,2026-09-15
CRIZAC,SMALL_CAP,2026-09-15
CROMPTON,MID_CAP,2026-09-15
CSBBANK,SMALL_CAP,2026-09-15
CUB,MID_CAP,2026-09-15
CUMMINSIND,LARGE_CAP,2026-09-15
CUPID,MID_CAP,2026-09-15
CYIENT,MID_CAP,2026-09-15
CYIENTDLM,SMALL_CAP,2026-09-15
DABUR,LARGE_CAP,2026-09-15
DALBHARAT,MID_CAP,2026-09-15
DALMIASUG,SMALL_CAP,2026-09-15
DAMCAPITAL,MICRO_CAP,2026-09-15
DATAMATICS,SMALL_CAP,2026-09-15
DATAPATTNS,MID_CAP,2026-09-15
DAVANGERE,MICRO_CAP,2026-09-15
DBL,SMALL_CAP,2026-09-15
DBREALTY,SMALL_CAP,2026-09-15
DCAL,SMALL_CAP,2026-09-15
DCBBANK,SMALL_CAP,2026-09-15
DCMSHRIRAM,MID_CAP,2026-09-15
DCW,SMALL_CAP,2026-09-15
DCXINDIA,SMALL_CAP,2026-09-15
DDEVPLSTIK,SMALL_CAP,2026-09-15
DECCANCE,MICRO_CAP,2026-09-15
DEEDEV,SMALL_CAP,2026-09-15
DEEPAKFERT,MID_CAP,2026-09-15
DEEPAKNTR,MID_CAP,2026-09-15
DEEPINDS,SMALL_CAP,2026-09-15
DELHIVERY,MID_CAP,2026-09-15
DELTACORP,SMALL_CAP,2026-09-15
DENTA,MICRO_CAP,2026-09-15
DEVYANI,MID_CAP,2026-09-15
DHAMPURSUG,SMALL_CAP,2026-09-15
DHANUKA,SMALL_CAP,2026-09-15
DIFFNKG,SMALL_CAP,2026-09-15
DIGITIDE,SMALL_CAP,2026-09-15
DIVISLAB,LARGE_CAP,2026-09-15
DIXON,LARGE_CAP,2026-09-15
DLF,LARGE_CAP,2026-09-15
DLINKINDIA,SMALL_CAP,2026-09-15
DMART,LARGE_CAP,2026-09-15
DODLA,SMALL_CAP,2026-09-15
DOMS,MID_CAP,2026-09-15
DREDGECORP,SMALL_CAP,2026-09-15
DRREDDY,LARGE_CAP,2026-09-15
DSSL,SMALL_CAP,2026-09-15
DWARKESH,MICRO_CAP,2026-09-15
DYCL,SMALL_CAP,2026-09-15
DYNAMATECH,SMALL_CAP,2026-09-15
EASEMYTRIP,SMALL_CAP,2026-09-15
EBGNG,SMALL_CAP,2026-09-15
ECLERX,MID_CAP,2026-09-15
ECOSMOBLTY,MICRO_CAP,2026-09-15
EDELWEISS,MID_CAP,2026-09-15
EFCIL,SMALL_CAP,2026-09-15
EICHERMOT,LARGE_CAP,2026-09-15
EIDPARRY,MID_CAP,2026-09-15
EIEL,SMALL_CAP,2026-09-15
EIHOTEL,MID_CAP,2026-09-15
EKC,SMALL_CAP,2026-09-15
ELECON,SMALL_CAP,2026-09-15
ELECTCAST,SMALL_CAP,2026-09-15
ELGIEQUIP,MID_CAP,2026-09-15
ELLEN,SMALL_CAP,2026-09-15
EMAMILTD,MID_CAP,2026-09-15
EMBDL,SMALL_CAP,2026-09-15
EMCURE,MID_CAP,2026-09-15
EMIL,SMALL_CAP,2026-09-15
EMMVEE,MID_CAP,2026-09-15
EMSLIMITED,SMALL_CAP,2026-09-15
EMUDHRA,SMALL_CAP,2026-09-15
ENDURANCE,MID_CAP,2026-09-15
ENGINERSIN,MID_CAP,2026-09-15
ENRIN,LARGE_CAP,2026-09-15
ENTERO,SMALL_CAP,2026-09-15
EPACK,SMALL_CAP,2026-09-15
EPACKPEB,SMALL_CAP,2026-09-15
EPIGRAL,SMALL_CAP,2026-09-15
EPL,SMALL_CAP,2026-09-15
EQUITASBNK,SMALL_CAP,2026-09-15
ERIS,MID_CAP,2026-09-15
ESCORTS,MID_CAP,2026-09-15
ETERNAL,LARGE_CAP,2026-09-15
ETHOSLTD,SMALL_CAP,2026-09-15
EUREKAFORB,SMALL_CAP,2026-09-15
EUROPRATIK,SMALL_CAP,2026-09-15
EVEREADY,SMALL_CAP,2026-09-15
EXCELSOFT,MICRO_CAP,2026-09-15
EXICOM,SMALL_CAP,2026-09-15
EXIDEIND,MID_CAP,2026-09-15
FABTECH,MICRO_CAP,2026-09-15
FACT,MID_CAP,2026-09-15
FAZE3Q,SMALL_CAP,2026-09-15
FCL,SMALL_CAP,2026-09-15
FDC,SMALL_CAP,2026-09-15
FEDERALBNK,LARGE_CAP,2026-09-15
FEDFINA,SMALL_CAP,2026-09-15
FIEMIND,SMALL_CAP,2026-09-15
FILATEX,SMALL_CAP,2026-09-15
FINCABLES,MID_CAP,2026-09-15
FINEORG,MID_CAP,2026-09-15
FINOPB,SMALL_CAP,2026-09-15
FINPIPE,SMALL_CAP,2026-09-15
FIRSTCRY,SMALL_CAP,2026-09-15
FISCHER,SMALL_CAP,2026-09-15
FIVESTAR,MID_CAP,2026-09-15
FLAIR,SMALL_CAP,2026-09-15
FLUOROCHEM,LARGE_CAP,2026-09-15
FMGOETZE,SMALL_CAP,2026-09-15
FORCEMOT,MID_CAP,2026-09-15
FORTIS,LARGE_CAP,2026-09-15
FRACTAL,MID_CAP,2026-09-15
FSL,MID_CAP,2026-09-15
FUSION,SMALL_CAP,2026-09-15
GABRIEL,MID_CAP,2026-09-15
GAEL,SMALL_CAP,2026-09-15
GAIL,LARGE_CAP,2026-09-15
GALAXYSURF,SMALL_CAP,2026-09-15
GALLANTT,MID_CAP,2026-09-15
GANDHAR,SMALL_CAP,2026-09-15
GANECOS,SMALL_CAP,2026-09-15
GARFIBRES,SMALL_CAP,2026-09-15
GARUDA,SMALL_CAP,2026-09-15
GATEWAY,SMALL_CAP,2026-09-15
GCSL,SMALL_CAP,2026-09-15
GEMAROMA,MICRO_CAP,2026-09-15
GENESYS,SMALL_CAP,2026-09-15
GENUSPOWER,SMALL_CAP,2026-09-15
GEOJITFSL,SMALL_CAP,2026-09-15
GESHIP,MID_CAP,2026-09-15
GHCL,SMALL_CAP,2026-09-15
GHCLTEXTIL,SMALL_CAP,2026-09-15
GICRE,LARGE_CAP,2026-09-15
GILLETTE,MID_CAP,2026-09-15
GIPCL,SMALL_CAP,2026-09-15
GKENERGY,SMALL_CAP,2026-09-15
GKSL,SMALL_CAP,2026-09-15
GLAND,MID_CAP,2026-09-15
GLAXO,MID_CAP,2026-09-15
GLENMARK,LARGE_CAP,2026-09-15
GLOBUSSPR,SMALL_CAP,2026-09-15
GMBREW,SMALL_CAP,2026-09-15
GMDCLTD,MID_CAP,2026-09-15
GMMPFAUDLR,SMALL_CAP,2026-09-15
GMRAIRPORT,LARGE_CAP,2026-09-15
GMRP&UI,SMALL_CAP,2026-09-15
GNA,SMALL_CAP,2026-09-15
GNFC,SMALL_CAP,2026-09-15
GOCOLORS,SMALL_CAP,2026-09-15
GODAVARIB,SMALL_CAP,2026-09-15
GODFRYPHLP,MID_CAP,2026-09-15
GODIGIT,MID_CAP,2026-09-15
GODREJAGRO,MID_CAP,2026-09-15
GODREJCP,LARGE_CAP,2026-09-15
GODREJIND,MID_CAP,2026-09-15
GODREJPROP,LARGE_CAP,2026-09-15
GOKEX,SMALL_CAP,2026-09-15
GOKULAGRO,SMALL_CAP,2026-09-15
GOLDIAM,SMALL_CAP,2026-09-15
GOODLUCK,SMALL_CAP,2026-09-15
GOPAL,SMALL_CAP,2026-09-15
GPIL,MID_CAP,2026-09-15
GPPL,SMALL_CAP,2026-09-15
GPTHEALTH,SMALL_CAP,2026-09-15
GRANULES,MID_CAP,2026-09-15
GRAPHITE,MID_CAP,2026-09-15
GRASIM,LARGE_CAP,2026-09-15
GRAVITA,MID_CAP,2026-09-15
GREAVESCOT,SMALL_CAP,2026-09-15
GREENPLY,SMALL_CAP,2026-09-15
GREENPOWER,SMALL_CAP,2026-09-15
GRINDWELL,MID_CAP,2026-09-15
GRINFRA,SMALL_CAP,2026-09-15
GRMOVER,SMALL_CAP,2026-09-15
GROWW,LARGE_CAP,2026-09-15
GRSE,MID_CAP,2026-09-15
GRWRHITECH,MID_CAP,2026-09-15
GSFC,SMALL_CAP,2026-09-15
GSPCROP,SMALL_CAP,2026-09-15
GTLINFRA,SMALL_CAP,2026-09-15
GUJALKALI,SMALL_CAP,2026-09-15
GULFOILLUB,SMALL_CAP,2026-09-15
GVPIL,SMALL_CAP,2026-09-15
GVT&D,LARGE_CAP,2026-09-15
HAL,LARGE_CAP,2026-09-15
HAPPSTMNDS,SMALL_CAP,2026-09-15
HAPPYFORGE,MID_CAP,2026-09-15
HARDWYN,MICRO_CAP,2026-09-15
HARIOMPIPE,SMALL_CAP,2026-09-15
HATHWAY,SMALL_CAP,2026-09-15
HAVELLS,LARGE_CAP,2026-09-15
HBLENGINE,MID_CAP,2026-09-15
HCC,SMALL_CAP,2026-09-15
HCG,MID_CAP,2026-09-15
HCLTECH,LARGE_CAP,2026-09-15
HDBFS,LARGE_CAP,2026-09-15
HDFCAMC,LARGE_CAP,2026-09-15
HDFCBANK,LARGE_CAP,2026-09-15
HDFCLIFE,LARGE_CAP,2026-09-15
HEMIPROP,SMALL_CAP,2026-09-15
HERITGFOOD,SMALL_CAP,2026-09-15
HEROMOTOCO,LARGE_CAP,2026-09-15
HEXT,MID_CAP,2026-09-15
HGINFRA,SMALL_CAP,2026-09-15
HIKAL,SMALL_CAP,2026-09-15
HIMATSEIDE,MICRO_CAP,2026-09-15
HINDALCO,LARGE_CAP,2026-09-15
HINDCOPPER,MID_CAP,2026-09-15
HINDOILEXP,SMALL_CAP,2026-09-15
HINDPETRO,LARGE_CAP,2026-09-15
HINDUNILVR,LARGE_CAP,2026-09-15
HINDWAREAP,SMALL_CAP,2026-09-15
HINDZINC,LARGE_CAP,2026-09-15
HIRECT,SMALL_CAP,2026-09-15
HITECH,SMALL_CAP,2026-09-15
HLEGLAS,SMALL_CAP,2026-09-15
HNDFDS,SMALL_CAP,2026-09-15
HOMEFIRST,MID_CAP,2026-09-15
HONASA,MID_CAP,2026-09-15
HONAUT,MID_CAP,2026-09-15
HPL,SMALL_CAP,2026-09-15
HSCL,MID_CAP,2026-09-15
HUBTOWN,SMALL_CAP,2026-09-15
HUDCO,MID_CAP,2026-09-15
HUHTAMAKI,SMALL_CAP,2026-09-15
HYUNDAI,LARGE_CAP,2026-09-15
IBULLSLTD,SMALL_CAP,2026-09-15
ICICIAMC,LARGE_CAP,2026-09-15
ICICIBANK,LARGE_CAP,2026-09-15
ICICIGI,LARGE_CAP,2026-09-15
ICICIPRULI,LARGE_CAP,2026-09-15
ICIL,SMALL_CAP,2026-09-15
IDBI,LARGE_CAP,2026-09-15
IDEA,LARGE_CAP,2026-09-15
IDEAFORGE,SMALL_CAP,2026-09-15
IDFCFIRSTB,LARGE_CAP,2026-09-15
IEX,SMALL_CAP,2026-09-15
IFBAGRO,MICRO_CAP,2026-09-15
IFBIND,SMALL_CAP,2026-09-15
IFCI,MID_CAP,2026-09-15
IGCL,MICRO_CAP,2026-09-15
IGIL,MID_CAP,2026-09-15
IGL,MID_CAP,2026-09-15
IIFL,MID_CAP,2026-09-15
IIFLCAPS,MID_CAP,2026-09-15
IKS,MID_CAP,2026-09-15
IMAGICAA,SMALL_CAP,2026-09-15
IMFA,SMALL_CAP,2026-09-15
INA,SMALL_CAP,2026-09-15
INDGN,MID_CAP,2026-09-15
INDHOTEL,LARGE_CAP,2026-09-15
INDIACEM,MID_CAP,2026-09-15
INDIAMART,SMALL_CAP,2026-09-15
INDIANB,LARGE_CAP,2026-09-15
INDIASHLTR,SMALL_CAP,2026-09-15
INDIGO,LARGE_CAP,2026-09-15
INDIGOPNTS,SMALL_CAP,2026-09-15
INDIQUBE,SMALL_CAP,2026-09-15
INDOFARM,MICRO_CAP,2026-09-15
INDOSTAR,SMALL_CAP,2026-09-15
INDOTECH,SMALL_CAP,2026-09-15
INDOTHAI,MICRO_CAP,2026-09-15
INDRAMEDCO,SMALL_CAP,2026-09-15
INDSWFTLAB,SMALL_CAP,2026-09-15
INDUSINDBK,LARGE_CAP,2026-09-15
INDUSTOWER,LARGE_CAP,2026-09-15
INFOBEAN,SMALL_CAP,2026-09-15
INFY,LARGE_CAP,2026-09-15
INGERRAND,MID_CAP,2026-09-15
INNOVACAP,SMALL_CAP,2026-09-15
INOXGREEN,SMALL_CAP,2026-09-15
INOXINDIA,MID_CAP,2026-09-15
INOXWIND,MID_CAP,2026-09-15
INSECTICID,SMALL_CAP,2026-09-15
INTELLECT,SMALL_CAP,2026-09-15
INTERARCH,SMALL_CAP,2026-09-15
IOB,LARGE_CAP,2026-09-15
IOC,LARGE_CAP,2026-09-15
IOLCP,SMALL_CAP,2026-09-15
IONEXCHANG,SMALL_CAP,2026-09-15
IPCALAB,MID_CAP,2026-09-15
IPL,SMALL_CAP,2026-09-15
IRB,MID_CAP,2026-09-15
IRCON,MID_CAP,2026-09-15
IRCTC,MID_CAP,2026-09-15
IREDA,MID_CAP,2026-09-15
IRFC,LARGE_CAP,2026-09-15
ISGEC,SMALL_CAP,2026-09-15
ITC,LARGE_CAP,2026-09-15
ITCHOTELS,MID_CAP,2026-09-15
ITDC,SMALL_CAP,2026-09-15
ITI,MID_CAP,2026-09-15
IVALUE,SMALL_CAP,2026-09-15
IXIGO,SMALL_CAP,2026-09-15
J&KBANK,MID_CAP,2026-09-15
JAICORPLTD,SMALL_CAP,2026-09-15
JAINREC,SMALL_CAP,2026-09-15
JAMNAAUTO,SMALL_CAP,2026-09-15
JARO,SMALL_CAP,2026-09-15
JASH,SMALL_CAP,2026-09-15
JAYBARMARU,SMALL_CAP,2026-09-15
JAYNECOIND,SMALL_CAP,2026-09-15
JBMA,MID_CAP,2026-09-15
JGCHEM,SMALL_CAP,2026-09-15
JINDALSAW,MID_CAP,2026-09-15
JINDALSTEL,LARGE_CAP,2026-09-15
JINDRILL,SMALL_CAP,2026-09-15
JINDWORLD,SMALL_CAP,2026-09-15
JIOFIN,LARGE_CAP,2026-09-15
JISLJALEQS,SMALL_CAP,2026-09-15
JKCEMENT,MID_CAP,2026-09-15
JKIL,SMALL_CAP,2026-09-15
JKLAKSHMI,SMALL_CAP,2026-09-15
JKPAPER,SMALL_CAP,2026-09-15
JKTYRE,MID_CAP,2026-09-15
JLHL,SMALL_CAP,2026-09-15
JMFINANCIL,MID_CAP,2026-09-15
JNKINDIA,SMALL_CAP,2026-09-15
JPPOWER,MID_CAP,2026-09-15
JSFB,SMALL_CAP,2026-09-15
JSL,LARGE_CAP,2026-09-15
JSLL,SMALL_CAP,2026-09-15
JSWCEMENT,MID_CAP,2026-09-15
JSWDULUX,MID_CAP,2026-09-15
JSWENERGY,LARGE_CAP,2026-09-15
JSWHL,MID_CAP,2026-09-15
JSWINFRA,LARGE_CAP,2026-09-15
JSWSTEEL,LARGE_CAP,2026-09-15
JTLIND,SMALL_CAP,2026-09-15
JUBLFOOD,MID_CAP,2026-09-15
JUBLINGREA,MID_CAP,2026-09-15
JUBLPHARMA,MID_CAP,2026-09-15
JUNIPER,SMALL_CAP,2026-09-15
JUSTDIAL,SMALL_CAP,2026-09-15
JWL,SMALL_CAP,2026-09-15
JYOTHYLAB,SMALL_CAP,2026-09-15
JYOTICNC,MID_CAP,2026-09-15
JYOTISTRUC,SMALL_CAP,2026-09-15
KAJARIACER,MID_CAP,2026-09-15
KALAMANDIR,SMALL_CAP,2026-09-15
KALYANKJIL,LARGE_CAP,2026-09-15
KAMATHOTEL,MICRO_CAP,2026-09-15
KANSAINER,MID_CAP,2026-09-15
KARURVYSYA,MID_CAP,2026-09-15
KAYNES,MID_CAP,2026-09-15
KCP,SMALL_CAP,2026-09-15
KDDL,SMALL_CAP,2026-09-15
KEC,MID_CAP,2026-09-15
KEI,MID_CAP,2026-09-15
KELLTONTEC,MICRO_CAP,2026-09-15
KERNEX,SMALL_CAP,2026-09-15
KFINTECH,MID_CAP,2026-09-15
KIMS,MID_CAP,2026-09-15
KIOCL,MID_CAP,2026-09-15
KIRIINDUS,SMALL_CAP,2026-09-15
KIRLOSBROS,MID_CAP,2026-09-15
KIRLOSENG,MID_CAP,2026-09-15
KIRLOSIND,SMALL_CAP,2026-09-15
KIRLPNU,SMALL_CAP,2026-09-15
KITEX,SMALL_CAP,2026-09-15
KMEW,SMALL_CAP,2026-09-15
KNRCON,SMALL_CAP,2026-09-15
KOLTEPATIL,SMALL_CAP,2026-09-15
KOPRAN,SMALL_CAP,2026-09-15
KOTAKBANK,LARGE_CAP,2026-09-15
KPEL,SMALL_CAP,2026-09-15
KPIGREEN,SMALL_CAP,2026-09-15
KPIL,MID_CAP,2026-09-15
KPITTECH,MID_CAP,2026-09-15
KPL,SMALL_CAP,2026-09-15
KPRMILL,MID_CAP,2026-09-15
KRBL,SMALL_CAP,2026-09-15
KRISHANA,SMALL_CAP,2026-09-15
KRISHNADEF,SMALL_CAP,2026-09-15
KRN,SMALL_CAP,2026-09-15
KROSS,SMALL_CAP,2026-09-15
KRSNAA,SMALL_CAP,2026-09-15
KSB,MID_CAP,2026-09-15
KSCL,SMALL_CAP,2026-09-15
KSHINTL,SMALL_CAP,2026-09-15
KSL,SMALL_CAP,2026-09-15
KTKBANK,MID_CAP,2026-09-15
KWIL,MICRO_CAP,2026-09-15
LALPATHLAB,MID_CAP,2026-09-15
LANDMARK,SMALL_CAP,2026-09-15
LATENTVIEW,SMALL_CAP,2026-09-15
LAURUSLABS,LARGE_CAP,2026-09-15
LAXMIDENTL,SMALL_CAP,2026-09-15
LAXMIINDIA,MICRO_CAP,2026-09-15
LEMONTREE,SMALL_CAP,2026-09-15
LENSKART,LARGE_CAP,2026-09-15
LGBBROSLTD,SMALL_CAP,2026-09-15
LGEINDIA,LARGE_CAP,2026-09-15
LICHSGFIN,MID_CAP,2026-09-15
LICI,LARGE_CAP,2026-09-15
LINDEINDIA,LARGE_CAP,2026-09-15
LLOYDSENGG,MID_CAP,2026-09-15
LLOYDSENT,MID_CAP,2026-09-15
LLOYDSME,LARGE_CAP,2026-09-15
LMW,MID_CAP,2026-09-15
LODHA,LARGE_CAP,2026-09-15
LT,LARGE_CAP,2026-09-15
LTF,LARGE_CAP,2026-09-15
LTFOODS,MID_CAP,2026-09-15
LTM,LARGE_CAP,2026-09-15
LTTS,MID_CAP,2026-09-15
LUMAXIND,SMALL_CAP,2026-09-15
LUMAXTECH,MID_CAP,2026-09-15
LUPIN,LARGE_CAP,2026-09-15
LUXIND,SMALL_CAP,2026-09-15
LXCHEM,SMALL_CAP,2026-09-15
M&M,LARGE_CAP,2026-09-15
M&MFIN,MID_CAP,2026-09-15
MAHABANK,LARGE_CAP,2026-09-15
MAHLIFE,SMALL_CAP,2026-09-15
MAHLOG,SMALL_CAP,2026-09-15
MAHSCOOTER,MID_CAP,2026-09-15
MAHSEAMLES,SMALL_CAP,2026-09-15
MAITHANALL,SMALL_CAP,2026-09-15
MAMATA,MICRO_CAP,2026-09-15
MANALIPETC,SMALL_CAP,2026-09-15
MANAPPURAM,MID_CAP,2026-09-15
MANGLMCEM,SMALL_CAP,2026-09-15
MANINDS,SMALL_CAP,2026-09-15
MANINFRA,SMALL_CAP,2026-09-15
MANKIND,LARGE_CAP,2026-09-15
MANORAMA,MID_CAP,2026-09-15
MANYAVAR,MID_CAP,2026-09-15
MAPMYINDIA,SMALL_CAP,2026-09-15
MARATHON,SMALL_CAP,2026-09-15
MARICO,LARGE_CAP,2026-09-15
MARINE,SMALL_CAP,2026-09-15
MARKOLINES,MICRO_CAP,2026-09-15
MARKSANS,MID_CAP,2026-09-15
MARSONS,SMALL_CAP,2026-09-15
MARUTI,LARGE_CAP,2026-09-15
MASFIN,SMALL_CAP,2026-09-15
MASTEK,SMALL_CAP,2026-09-15
MASTERTR,SMALL_CAP,2026-09-15
MAXESTATES,SMALL_CAP,2026-09-15
MAXHEALTH,LARGE_CAP,2026-09-15
MAYURUNIQ,SMALL_CAP,2026-09-15
MAZDOCK,LARGE_CAP,2026-09-15
MBAPL,SMALL_CAP,2026-09-15
MBEL,SMALL_CAP,2026-09-15
MCLOUD,SMALL_CAP,2026-09-15
MCX,LARGE_CAP,2026-09-15
MEDANTA,MID_CAP,2026-09-15
MEDIASSIST,SMALL_CAP,2026-09-15
MEDPLUS,SMALL_CAP,2026-09-15
MEESHO,LARGE_CAP,2026-09-15
MEIL,MICRO_CAP,2026-09-15
METROBRAND,MID_CAP,2026-09-15
METROPOLIS,MID_CAP,2026-09-15
MFSL,MID_CAP,2026-09-15
MGL,MID_CAP,2026-09-15
MHRIL,SMALL_CAP,2026-09-15
MIDHANI,SMALL_CAP,2026-09-15
MIDWESTLTD,SMALL_CAP,2026-09-15
MINDACORP,MID_CAP,2026-09-15
MMFL,SMALL_CAP,2026-09-15
MMTC,SMALL_CAP,2026-09-15
MOBIKWIK,SMALL_CAP,2026-09-15
MOIL,SMALL_CAP,2026-09-15
MOL,SMALL_CAP,2026-09-15
MOLDTKPAC,SMALL_CAP,2026-09-15
MONARCH,SMALL_CAP,2026-09-15
MOREPENLAB,SMALL_CAP,2026-09-15
MOSCHIP,SMALL_CAP,2026-09-15
MOTHERSON,LARGE_CAP,2026-09-15
MOTILALOFS,LARGE_CAP,2026-09-15
MOTISONS,SMALL_CAP,2026-09-15
MPHASIS,MID_CAP,2026-09-15
MPSLTD,SMALL_CAP,2026-09-15
MRF,LARGE_CAP,2026-09-15
MRPL,MID_CAP,2026-09-15
MSPL,SMALL_CAP,2026-09-15
MSTCLTD,SMALL_CAP,2026-09-15
MSUMI,MID_CAP,2026-09-15
MTNL,SMALL_CAP,2026-09-15
MUFIN,SMALL_CAP,2026-09-15
MUTHOOTFIN,LARGE_CAP,2026-09-15
MUTHOOTMF,SMALL_CAP,2026-09-15
MVGJL,MICRO_CAP,2026-09-15
NACLIND,SMALL_CAP,2026-09-15
NAM-INDIA,LARGE_CAP,2026-09-15
NATCOPHARM,MID_CAP,2026-09-15
NATIONALUM,LARGE_CAP,2026-09-15
NAUKRI,LARGE_CAP,2026-09-15
NAVA,MID_CAP,2026-09-15
NAVINFLUOR,MID_CAP,2026-09-15
NAVKARCORP,SMALL_CAP,2026-09-15
NAVNETEDUL,SMALL_CAP,2026-09-15
NAZARA,MID_CAP,2026-09-15
NBCC,MID_CAP,2026-09-15
NCC,SMALL_CAP,2026-09-15
NDRAUTO,SMALL_CAP,2026-09-15
NELCO,SMALL_CAP,2026-09-15
NEOGEN,SMALL_CAP,2026-09-15
NEPHROPLUS,SMALL_CAP,2026-09-15
NESCO,SMALL_CAP,2026-09-15
NESTLEIND,LARGE_CAP,2026-09-15
NETWEB,MID_CAP,2026-09-15
NETWORK18,SMALL_CAP,2026-09-15
NEULANDLAB,MID_CAP,2026-09-15
NEWGEN,SMALL_CAP,2026-09-15
NFL,SMALL_CAP,2026-09-15
NH,MID_CAP,2026-09-15
NHPC,LARGE_CAP,2026-09-15
NIACL,MID_CAP,2026-09-15
NIBE,SMALL_CAP,2026-09-15
NIITLTD,SMALL_CAP,2026-09-15
NIITMTS,SMALL_CAP,2026-09-15
NITCO,SMALL_CAP,2026-09-15
NITINSPIN,SMALL_CAP,2026-09-15
NIVABUPA,MID_CAP,2026-09-15
NLCINDIA,MID_CAP,2026-09-15
NMDC,LARGE_CAP,2026-09-15
NOCIL,SMALL_CAP,2026-09-15
NORTHARC,SMALL_CAP,2026-09-15
NRBBEARING,SMALL_CAP,2026-09-15
NSIL,SMALL_CAP,2026-09-15
NSLNISP,MID_CAP,2026-09-15
NTPC,LARGE_CAP,2026-09-15
NTPCGREEN,LARGE_CAP,2026-09-15
NUVAMA,MID_CAP,2026-09-15
NUVOCO,MID_CAP,2026-09-15
NYKAA,LARGE_CAP,2026-09-15
OBEROIRLTY,LARGE_CAP,2026-09-15
OFSS,LARGE_CAP,2026-09-15
OIL,LARGE_CAP,2026-09-15
OLAELEC,MID_CAP,2026-09-15
OLECTRA,SMALL_CAP,2026-09-15
OMNI,SMALL_CAP,2026-09-15
ONEPOINT,SMALL_CAP,2026-09-15
ONESOURCE,MID_CAP,2026-09-15
ONGC,LARGE_CAP,2026-09-15
OPTIEMUS,SMALL_CAP,2026-09-15
ORCHPHARMA,SMALL_CAP,2026-09-15
ORIENTCEM,SMALL_CAP,2026-09-15
ORIENTELEC,SMALL_CAP,2026-09-15
ORIENTTECH,SMALL_CAP,2026-09-15
ORISSAMINE,SMALL_CAP,2026-09-15
ORKLAINDIA,SMALL_CAP,2026-09-15
OSWALPUMPS,SMALL_CAP,2026-09-15
PACEDIGITK,SMALL_CAP,2026-09-15
PAGEIND,MID_CAP,2026-09-15
PAISALO,SMALL_CAP,2026-09-15
PANACEABIO,SMALL_CAP,2026-09-15
PANAMAPET,SMALL_CAP,2026-09-15
PARACABLES,SMALL_CAP,2026-09-15
PARADEEP,MID_CAP,2026-09-15
PARAGMILK,SMALL_CAP,2026-09-15
PARAS,MID_CAP,2026-09-15
PARKHOSPS,MID_CAP,2026-09-15
PARKHOTELS,SMALL_CAP,2026-09-15
PATANJALI,MID_CAP,2026-09-15
PATELENG,SMALL_CAP,2026-09-15
PAYTM,LARGE_CAP,2026-09-15
PCBL,MID_CAP,2026-09-15
PCJEWELLER,MID_CAP,2026-09-15
PDSL,SMALL_CAP,2026-09-15
PENIND,SMALL_CAP,2026-09-15
PERSISTENT,LARGE_CAP,2026-09-15
PETRONET,MID_CAP,2026-09-15
PFC,LARGE_CAP,2026-09-15
PFIZER,MID_CAP,2026-09-15
PFOCUS,MID_CAP,2026-09-15
PFS,SMALL_CAP,2026-09-15
PGEL,MID_CAP,2026-09-15
PGHH,MID_CAP,2026-09-15
PGHL,SMALL_CAP,2026-09-15
PGIL,SMALL_CAP,2026-09-15
PHOENIXLTD,LARGE_CAP,2026-09-15
PICCADIL,SMALL_CAP,2026-09-15
PIDILITIND,LARGE_CAP,2026-09-15
PIIND,MID_CAP,2026-09-15
PINELABS,MID_CAP,2026-09-15
PIRAMALFIN,LARGE_CAP,2026-09-15
PITTIENG,SMALL_CAP,2026-09-15
PIXTRANS,SMALL_CAP,2026-09-15
PLATIND,SMALL_CAP,2026-09-15
PNB,LARGE_CAP,2026-09-15
PNBGILTS,SMALL_CAP,2026-09-15
PNBHOUSING,MID_CAP,2026-09-15
PNCINFRA,SMALL_CAP,2026-09-15
PNGJL,SMALL_CAP,2026-09-15
PNGSREVA,SMALL_CAP,2026-09-15
POCL,SMALL_CAP,2026-09-15
POKARNA,SMALL_CAP,2026-09-15
POLICYBZR,LARGE_CAP,2026-09-15
POLYCAB,LARGE_CAP,2026-09-15
POLYMED,MID_CAP,2026-09-15
POLYPLEX,SMALL_CAP,2026-09-15
POONAWALLA,MID_CAP,2026-09-15
POWERGRID,LARGE_CAP,2026-09-15
POWERICA,SMALL_CAP,2026-09-15
POWERINDIA,LARGE_CAP,2026-09-15
POWERMECH,SMALL_CAP,2026-09-15
PPLPHARMA,MID_CAP,2026-09-15
PRAJIND,SMALL_CAP,2026-09-15
PRAKASH,SMALL_CAP,2026-09-15
PRECAM,SMALL_CAP,2026-09-15
PRECWIRE,SMALL_CAP,2026-09-15
PREMEXPLN,SMALL_CAP,2026-09-15
PREMIERENE,MID_CAP,2026-09-15
PRESTIGE,LARGE_CAP,2026-09-15
PRICOLLTD,SMALL_CAP,2026-09-15
PRINCEPIPE,SMALL_CAP,2026-09-15
PRIVISCL,MID_CAP,2026-09-15
PROSTARM,MICRO_CAP,2026-09-15
PROTEAN,SMALL_CAP,2026-09-15
PRUDENT,MID_CAP,2026-09-15
PSB,MID_CAP,2026-09-15
PSPPROJECT,SMALL_CAP,2026-09-15
PTC,SMALL_CAP,2026-09-15
PTCIL,MID_CAP,2026-09-15
PURVA,SMALL_CAP,2026-09-15
PVRINOX,MID_CAP,2026-09-15
PWL,MID_CAP,2026-09-15
QPOWER,MID_CAP,2026-09-15
QUADFUTURE,SMALL_CAP,2026-09-15
QUESS,SMALL_CAP,2026-09-15
QUICKHEAL,MICRO_CAP,2026-09-15
RADHIKAJWE,MICRO_CAP,2026-09-15
RADICO,LARGE_CAP,2026-09-15
RAILTEL,SMALL_CAP,2026-09-15
RAIN,SMALL_CAP,2026-09-15
RAINBOW,MID_CAP,2026-09-15
RAJRATAN,SMALL_CAP,2026-09-15
RALLIS,SMALL_CAP,2026-09-15
RAMCOCEM,MID_CAP,2026-09-15
RAMCOIND,SMALL_CAP,2026-09-15
RAMCOSYS,SMALL_CAP,2026-09-15
RAMKY,SMALL_CAP,2026-09-15
RAMRAT,SMALL_CAP,2026-09-15
RATEGAIN,MID_CAP,2026-09-15
RATNAMANI,MID_CAP,2026-09-15
RATNAVEER,MID_CAP,2026-09-15
RAYMOND,SMALL_CAP,2026-09-15
RAYMONDLSL,SMALL_CAP,2026-09-15
RAYMONDREL,SMALL_CAP,2026-09-15
RBA,SMALL_CAP,2026-09-15
RBLBANK,MID_CAP,2026-09-15
RCF,SMALL_CAP,2026-09-15
RECLTD,LARGE_CAP,2026-09-15
REDINGTON,MID_CAP,2026-09-15
REDTAPE,SMALL_CAP,2026-09-15
REFEX,SMALL_CAP,2026-09-15
REGAAL,MICRO_CAP,2026-09-15
RELAXO,SMALL_CAP,2026-09-15
RELIANCE,LARGE_CAP,2026-09-15
RELIGARE,SMALL_CAP,2026-09-15
RENUKA,SMALL_CAP,2026-09-15
REPCOHOME,SMALL_CAP,2026-09-15
RGL,SMALL_CAP,2026-09-15
RHETAN,SMALL_CAP,2026-09-15
RHIM,SMALL_CAP,2026-09-15
RICOAUTO,SMALL_CAP,2026-09-15
RIIL,SMALL_CAP,2026-09-15
RISHABH,SMALL_CAP,2026-09-15
RITES,SMALL_CAP,2026-09-15
RKFORGE,MID_CAP,2026-09-15
ROHLTD,MICRO_CAP,2026-09-15
ROLEXRINGS,SMALL_CAP,2026-09-15
ROSSARI,SMALL_CAP,2026-09-15
ROSSTECH,SMALL_CAP,2026-09-15
ROTO,SMALL_CAP,2026-09-15
ROUTE,SMALL_CAP,2026-09-15
RPEL,SMALL_CAP,2026-09-15
RPGLIFE,SMALL_CAP,2026-09-15
RPOWER,SMALL_CAP,2026-09-15
RPSGVENT,SMALL_CAP,2026-09-15
RPTECH,SMALL_CAP,2026-09-15
RRKABEL,MID_CAP,2026-09-15
RSL,SMALL_CAP,2026-09-15
RSYSTEMS,SMALL_CAP,2026-09-15
RTNINDIA,SMALL_CAP,2026-09-15
RTNPOWER,SMALL_CAP,2026-09-15
RUBICON,MID_CAP,2026-09-15
RVNL,MID_CAP,2026-09-15
SAATVIKGL,SMALL_CAP,2026-09-15
SAFARI,SMALL_CAP,2026-09-15
SAGILITY,MID_CAP,2026-09-15
SAIL,LARGE_CAP,2026-09-15
SAILIFE,MID_CAP,2026-09-15
SAIPARENT,SMALL_CAP,2026-09-15
SAKAR,SMALL_CAP,2026-09-15
SAKSOFT,SMALL_CAP,2026-09-15
SALASAR,MICRO_CAP,2026-09-15
SALZERELEC,MICRO_CAP,2026-09-15
SAMBHV,SMALL_CAP,2026-09-15
SAMHI,SMALL_CAP,2026-09-15
SAMMAANCAP,MID_CAP,2026-09-15
SANATHAN,SMALL_CAP,2026-09-15
SANDHAR,SMALL_CAP,2026-09-15
SANDUMA,SMALL_CAP,2026-09-15
SANGHVIMOV,SMALL_CAP,2026-09-15
SANOFI,SMALL_CAP,2026-09-15
SANSERA,MID_CAP,2026-09-15
SAPPHIRE,SMALL_CAP,2026-09-15
SARDAEN,MID_CAP,2026-09-15
SAREGAMA,SMALL_CAP,2026-09-15
SARVESHWAR,MICRO_CAP,2026-09-15
SASKEN,SMALL_CAP,2026-09-15
SATIN,SMALL_CAP,2026-09-15
SBC,SMALL_CAP,2026-09-15
SBCL,SMALL_CAP,2026-09-15
SBFC,MID_CAP,2026-09-15
SBICARD,LARGE_CAP,2026-09-15
SBILIFE,LARGE_CAP,2026-09-15
SBIN,LARGE_CAP,2026-09-15
SCHAEFFLER,LARGE_CAP,2026-09-15
SCHNEIDER,MID_CAP,2026-09-15
SCI,MID_CAP,2026-09-15
SCILAL,SMALL_CAP,2026-09-15
SCODATUBES,MICRO_CAP,2026-09-15
SDBL,SMALL_CAP,2026-09-15
SEAMECLTD,SMALL_CAP,2026-09-15
SEDEMAC,MID_CAP,2026-09-15
SEIL,SMALL_CAP,2026-09-15
SENCO,SMALL_CAP,2026-09-15
SENORES,SMALL_CAP,2026-09-15
SEPC,MICRO_CAP,2026-09-15
SERVOTECH,SMALL_CAP,2026-09-15
SETL,SMALL_CAP,2026-09-15
SFL,SMALL_CAP,2026-09-15
SGFIN,SMALL_CAP,2026-09-15
SGMART,SMALL_CAP,2026-09-15
SHADOWFAX,MID_CAP,2026-09-15
SHAILY,MID_CAP,2026-09-15
SHAKTIPUMP,SMALL_CAP,2026-09-15
SHALBY,SMALL_CAP,2026-09-15
SHANKARA,MICRO_CAP,2026-09-15
SHARDACROP,SMALL_CAP,2026-09-15
SHARDAMOTR,SMALL_CAP,2026-09-15
SHAREINDIA,SMALL_CAP,2026-09-15
SHILCTECH,SMALL_CAP,2026-09-15
SHILPAMED,MID_CAP,2026-09-15
SHK,SMALL_CAP,2026-09-15
SHREECEM,LARGE_CAP,2026-09-15
SHREEJISPG,MID_CAP,2026-09-15
SHREEPUSHK,SMALL_CAP,2026-09-15
SHRINGARMS,SMALL_CAP,2026-09-15
SHRIPISTON,MID_CAP,2026-09-15
SHRIRAMFIN,LARGE_CAP,2026-09-15
SHRIRAMPPS,SMALL_CAP,2026-09-15
SHYAMMETL,MID_CAP,2026-09-15
SIEMENS,LARGE_CAP,2026-09-15
SIGACHI,SMALL_CAP,2026-09-15
SIGNATURE,MID_CAP,2026-09-15
SILVERTUC,SMALL_CAP,2026-09-15
SINDHUTRAD,SMALL_CAP,2026-09-15
SIRCA,SMALL_CAP,2026-09-15
SIYSIL,SMALL_CAP,2026-09-15
SJS,SMALL_CAP,2026-09-15
SJVN,MID_CAP,2026-09-15
SKFINDIA,SMALL_CAP,2026-09-15
SKFINDUS,MID_CAP,2026-09-15
SKIPPER,SMALL_CAP,2026-09-15
SKMEGGPROD,SMALL_CAP,2026-09-15
SKYGOLD,MID_CAP,2026-09-15
SMARTWORKS,SMALL_CAP,2026-09-15
SMCGLOBAL,SMALL_CAP,2026-09-15
SMLMAH,SMALL_CAP,2026-09-15
SMSPHARMA,SMALL_CAP,2026-09-15
SOBHA,MID_CAP,2026-09-15
SOLARA,SMALL_CAP,2026-09-15
SOLARINDS,LARGE_CAP,2026-09-15
SOLARWORLD,SMALL_CAP,2026-09-15
SOLEX,MICRO_CAP,2026-09-15
SONACOMS,MID_CAP,2026-09-15
SONATSOFTW,SMALL_CAP,2026-09-15
SOTL,SMALL_CAP,2026-09-15
SOUTHBANK,MID_CAP,2026-09-15
SOUTHWEST,MICRO_CAP,2026-09-15
SPANDANA,SMALL_CAP,2026-09-15
SPARC,SMALL_CAP,2026-09-15
SPIC,SMALL_CAP,2026-09-15
SPLPETRO,MID_CAP,2026-09-15
SPMLINFRA,SMALL_CAP,2026-09-15
SPORTKING,SMALL_CAP,2026-09-15
SRF,LARGE_CAP,2026-09-15
SRM,MICRO_CAP,2026-09-15
SSWL,SMALL_CAP,2026-09-15
STAR,MID_CAP,2026-09-15
STARCEMENT,SMALL_CAP,2026-09-15
STARHEALTH,MID_CAP,2026-09-15
STOVEKRAFT,SMALL_CAP,2026-09-15
STYL,SMALL_CAP,2026-09-15
STYLAMIND,SMALL_CAP,2026-09-15
STYLEBAAZA,SMALL_CAP,2026-09-15
STYRENIX,SMALL_CAP,2026-09-15
SUBROS,SMALL_CAP,2026-09-15
SUDARSCHEM,SMALL_CAP,2026-09-15
SUDEEPPHRM,MID_CAP,2026-09-15
SULA,SMALL_CAP,2026-09-15
SUMICHEM,MID_CAP,2026-09-15
SUNDARMFIN,LARGE_CAP,2026-09-15
SUNDRMFAST,MID_CAP,2026-09-15
SUNFLAG,SMALL_CAP,2026-09-15
SUNPHARMA,LARGE_CAP,2026-09-15
SUNTECK,SMALL_CAP,2026-09-15
SUNTV,MID_CAP,2026-09-15
SUPRAJIT,SMALL_CAP,2026-09-15
SUPREMEIND,MID_CAP,2026-09-15
SUPRIYA,SMALL_CAP,2026-09-15
SURAJEST,MICRO_CAP,2026-09-15
SURYAROSNI,SMALL_CAP,2026-09-15
SURYODAY,SMALL_CAP,2026-09-15
SUVEN,SMALL_CAP,2026-09-15
SUZLON,LARGE_CAP,2026-09-15
SWANCORP,SMALL_CAP,2026-09-15
SWARAJENG,SMALL_CAP,2026-09-15
SWIGGY,LARGE_CAP,2026-09-15
SWSOLAR,SMALL_CAP,2026-09-15
SYMPHONY,SMALL_CAP,2026-09-15
SYNGENE,MID_CAP,2026-09-15
SYRMA,MID_CAP,2026-09-15
TAJGVK,SMALL_CAP,2026-09-15
TALBROAUTO,SMALL_CAP,2026-09-15
TANLA,SMALL_CAP,2026-09-15
TARC,SMALL_CAP,2026-09-15
TARIL,SMALL_CAP,2026-09-15
TASTYBITE,SMALL_CAP,2026-09-15
TATACAP,LARGE_CAP,2026-09-15
TATACHEM,MID_CAP,2026-09-15
TATACOMM,MID_CAP,2026-09-15
TATACONSUM,LARGE_CAP,2026-09-15
TATAELXSI,MID_CAP,2026-09-15
TATAINVEST,MID_CAP,2026-09-15
TATAPOWER,LARGE_CAP,2026-09-15
TATASTEEL,LARGE_CAP,2026-09-15
TATATECH,MID_CAP,2026-09-15
TATVA,SMALL_CAP,2026-09-15
TBOTEK,MID_CAP,2026-09-15
TBZ,SMALL_CAP,2026-09-15
TCPLPACK,SMALL_CAP,2026-09-15
TCS,LARGE_CAP,2026-09-15
TDPOWERSYS,MID_CAP,2026-09-15
TEAMLEASE,SMALL_CAP,2026-09-15
TECHM,LARGE_CAP,2026-09-15
TECHNOE,MID_CAP,2026-09-15
TEGA,MID_CAP,2026-09-15
TEJASNET,SMALL_CAP,2026-09-15
TEMBO,SMALL_CAP,2026-09-15
TENNIND,MID_CAP,2026-09-15
TEXRAIL,SMALL_CAP,2026-09-15
TFCILTD,SMALL_CAP,2026-09-15
THANGAMAYL,MID_CAP,2026-09-15
THELEELA,MID_CAP,2026-09-15
THERMAX,MID_CAP,2026-09-15
THOMASCOOK,SMALL_CAP,2026-09-15
THYROCARE,SMALL_CAP,2026-09-15
TI,MID_CAP,2026-09-15
TIINDIA,MID_CAP,2026-09-15
TIMETECHNO,SMALL_CAP,2026-09-15
TIMEX,SMALL_CAP,2026-09-15
TIMKEN,MID_CAP,2026-09-15
TIPSMUSIC,SMALL_CAP,2026-09-15
TIRUMALCHM,SMALL_CAP,2026-09-15
TITAGARH,MID_CAP,2026-09-15
TITAN,LARGE_CAP,2026-09-15
TMB,MID_CAP,2026-09-15
TMCV,LARGE_CAP,2026-09-15
TMPV,LARGE_CAP,2026-09-15
TORNTPHARM,LARGE_CAP,2026-09-15
TORNTPOWER,LARGE_CAP,2026-09-15
TRANSRAILL,SMALL_CAP,2026-09-15
TRAVELFOOD,MID_CAP,2026-09-15
TRENT,LARGE_CAP,2026-09-15
TRIDENT,MID_CAP,2026-09-15
TRITURBINE,MID_CAP,2026-09-15
TRIVENI,SMALL_CAP,2026-09-15
TRUALT,SMALL_CAP,2026-09-15
TSFINV,SMALL_CAP,2026-09-15
TTKPRESTIG,SMALL_CAP,2026-09-15
TTML,SMALL_CAP,2026-09-15
TVSHLTD,MID_CAP,2026-09-15
TVSMOTOR,LARGE_CAP,2026-09-15
TVSSCS,SMALL_CAP,2026-09-15
UBL,MID_CAP,2026-09-15
UCOBANK,MID_CAP,2026-09-15
UDS,SMALL_CAP,2026-09-15
UGROCAP,SMALL_CAP,2026-09-15
UJJIVANSFB,MID_CAP,2026-09-15
ULTRACEMCO,LARGE_CAP,2026-09-15
UNIECOM,MICRO_CAP,2026-09-15
UNIMECH,SMALL_CAP,2026-09-15
UNIONBANK,LARGE_CAP,2026-09-15
UNIPARTS,SMALL_CAP,2026-09-15
UNITDSPR,LARGE_CAP,2026-09-15
UNIVCABLES,SMALL_CAP,2026-09-15
UNOMINDA,LARGE_CAP,2026-09-15
UPL,MID_CAP,2026-09-15
URBANCO,MID_CAP,2026-09-15
USHAMART,MID_CAP,2026-09-15
UTIAMC,MID_CAP,2026-09-15
UTKARSHBNK,SMALL_CAP,2026-09-15
V2RETAIL,SMALL_CAP,2026-09-15
VADILALIND,SMALL_CAP,2026-09-15
VAIBHAVGBL,SMALL_CAP,2026-09-15
VARROC,MID_CAP,2026-09-15
VASCONEQ,MICRO_CAP,2026-09-15
VBL,LARGE_CAP,2026-09-15
VEDL,LARGE_CAP,2026-09-15
VENKEYS,SMALL_CAP,2026-09-15
VENTIVE,MID_CAP,2026-09-15
VENUSPIPES,SMALL_CAP,2026-09-15
VERANDA,SMALL_CAP,2026-09-15
VESUVIUS,SMALL_CAP,2026-09-15
VGUARD,MID_CAP,2026-09-15
VIDYAWIRES,SMALL_CAP,2026-09-15
VIJAYA,MID_CAP,2026-09-15
VIKRAMSOLR,SMALL_CAP,2026-09-15
VIKRAN,SMALL_CAP,2026-09-15
VIMTALABS,SMALL_CAP,2026-09-15
VINATIORGA,MID_CAP,2026-09-15
VINCOFE,SMALL_CAP,2026-09-15
VINDHYATEL,SMALL_CAP,2026-09-15
VIPIND,SMALL_CAP,2026-09-15
VISHNU,SMALL_CAP,2026-09-15
VIYASH,MID_CAP,2026-09-15
VMART,SMALL_CAP,2026-09-15
VMM,MID_CAP,2026-09-15
VOLTAMP,MID_CAP,2026-09-15
VOLTAS,MID_CAP,2026-09-15
VPRPL,MICRO_CAP,2026-09-15
VRLLOG,SMALL_CAP,2026-09-15
VSTIND,SMALL_CAP,2026-09-15
VSTTILLERS,SMALL_CAP,2026-09-15
VTL,MID_CAP,2026-09-15
WAAREEENER,LARGE_CAP,2026-09-15
WAAREERTL,SMALL_CAP,2026-09-15
WABAG,MID_CAP,2026-09-15
WAKEFIT,SMALL_CAP,2026-09-15
WALCHANNAG,SMALL_CAP,2026-09-15
WCIL,MICRO_CAP,2026-09-15
WEBELSOLAR,SMALL_CAP,2026-09-15
WEL,MICRO_CAP,2026-09-15
WELCORP,LARGE_CAP,2026-09-15
WELENT,MID_CAP,2026-09-15
WELSPUNLIV,MID_CAP,2026-09-15
WENDT,SMALL_CAP,2026-09-15
WESTLIFE,SMALL_CAP,2026-09-15
WEWORK,SMALL_CAP,2026-09-15
WHEELS,SMALL_CAP,2026-09-15
WHIRLPOOL,SMALL_CAP,2026-09-15
WINDLAS,SMALL_CAP,2026-09-15
WINDMACHIN,SMALL_CAP,2026-09-15
WIPRO,LARGE_CAP,2026-09-15
WOCKPHARMA,MID_CAP,2026-09-15
WONDERLA,SMALL_CAP,2026-09-15
WSTCSTPAPR,SMALL_CAP,2026-09-15
YASHO,SMALL_CAP,2026-09-15
YATHARTH,SMALL_CAP,2026-09-15
YATRA,SMALL_CAP,2026-09-15
YESBANK,LARGE_CAP,2026-09-15
ZAGGLE,SMALL_CAP,2026-09-15
ZEEL,SMALL_CAP,2026-09-15
ZEEMEDIA,MICRO_CAP,2026-09-15
ZENSARTECH,SMALL_CAP,2026-09-15
ZENTEC,MID_CAP,2026-09-15
ZFCVINDIA,SMALL_CAP,2026-09-15
ZOTA,SMALL_CAP,2026-09-15
ZUARI,MICRO_CAP,2026-09-15
ZUARIIND,MICRO_CAP,2026-09-15
ZYDUSLIFE,LARGE_CAP,2026-09-15
ZYDUSWELL,MID_CAP,2026-09-15
